<?xml version="1.0" encoding="UTF-8"?>
<metadata xml:lang="en"><Esri><CreaDate>20190103</CreaDate><CreaTime>13494100</CreaTime><ArcGISFormat>1.0</ArcGISFormat><SyncOnce>FALSE</SyncOnce><DataProperties><itemProps><itemName Sync="TRUE">GSP_regions_20181031</itemName><imsContentType Sync="TRUE">002</imsContentType><itemSize Sync="TRUE">0.000</itemSize><itemLocation><linkage Sync="TRUE">file://\\SSFJT3\C$\Users\jamie\Google Drive\ss_work\projects\national_grid\Regional\GSP Regions\20181031_Derivations\GSP_regions_20181031.shp</linkage><protocol Sync="TRUE">Local Area Network</protocol></itemLocation></itemProps><coordRef><type Sync="TRUE">Projected</type><geogcsn Sync="TRUE">GCS_OSGB_1936</geogcsn><csUnits Sync="TRUE">Linear Unit: Meter (1.000000)</csUnits><peXml Sync="TRUE">&lt;ProjectedCoordinateSystem xsi:type='typens:ProjectedCoordinateSystem' xmlns:xsi='http://www.w3.org/2001/XMLSchema-instance' xmlns:xs='http://www.w3.org/2001/XMLSchema' xmlns:typens='http://www.esri.com/schemas/ArcGIS/10.6'&gt;&lt;WKT&gt;PROJCS[&amp;quot;British_National_Grid&amp;quot;,GEOGCS[&amp;quot;GCS_OSGB_1936&amp;quot;,DATUM[&amp;quot;D_OSGB_1936&amp;quot;,SPHEROID[&amp;quot;Airy_1830&amp;quot;,6377563.396,299.3249646]],PRIMEM[&amp;quot;Greenwich&amp;quot;,0.0],UNIT[&amp;quot;Degree&amp;quot;,0.0174532925199433]],PROJECTION[&amp;quot;Transverse_Mercator&amp;quot;],PARAMETER[&amp;quot;False_Easting&amp;quot;,400000.0],PARAMETER[&amp;quot;False_Northing&amp;quot;,-100000.0],PARAMETER[&amp;quot;Central_Meridian&amp;quot;,-2.0],PARAMETER[&amp;quot;Scale_Factor&amp;quot;,0.9996012717],PARAMETER[&amp;quot;Latitude_Of_Origin&amp;quot;,49.0],UNIT[&amp;quot;Meter&amp;quot;,1.0],AUTHORITY[&amp;quot;EPSG&amp;quot;,27700]]&lt;/WKT&gt;&lt;XOrigin&gt;-5220400&lt;/XOrigin&gt;&lt;YOrigin&gt;-15524400&lt;/YOrigin&gt;&lt;XYScale&gt;450481592.76709664&lt;/XYScale&gt;&lt;ZOrigin&gt;-100000&lt;/ZOrigin&gt;&lt;ZScale&gt;10000&lt;/ZScale&gt;&lt;MOrigin&gt;-100000&lt;/MOrigin&gt;&lt;MScale&gt;10000&lt;/MScale&gt;&lt;XYTolerance&gt;0.001&lt;/XYTolerance&gt;&lt;ZTolerance&gt;0.001&lt;/ZTolerance&gt;&lt;MTolerance&gt;0.001&lt;/MTolerance&gt;&lt;HighPrecision&gt;true&lt;/HighPrecision&gt;&lt;WKID&gt;27700&lt;/WKID&gt;&lt;LatestWKID&gt;27700&lt;/LatestWKID&gt;&lt;/ProjectedCoordinateSystem&gt;</peXml><projcsn Sync="TRUE">British_National_Grid</projcsn></coordRef><lineage><Process ToolSource="c:\program files (x86)\arcgis\desktop10.6\ArcToolbox\Toolboxes\Data Management Tools.tbx\Merge" Date="20190103" Time="115802">Merge region_centroids_J_Thiessen_Clip;region_centroids_C_Thiessen_Clip;region_centroids_A_Thiessen_Clip;region_centroids_D_Thiessen_Clip_with_108;region_centroids_P_Thiessen_Clip;region_centroids_N_Thiessen_Clip;region_centroids_G_Thiessen_Clip_inc133 "C:\Users\jamie\Google Drive\ss_work\projects\national_grid\Regional\GSP Regions\20181031_Derivations\Other DNOs\GSP_Thiessen_regions_A_C_D_G_J_N_P.shp" "Id "Id" true true false 10 Long 0 10 ,First,#,region_centroids_J_Thiessen_Clip,Id,-1,-1,region_centroids_C_Thiessen_Clip,Id,-1,-1,region_centroids_A_Thiessen_Clip,Id,-1,-1,region_centroids_D_Thiessen_Clip_with_108,Id,-1,-1,region_centroids_P_Thiessen_Clip,Id,-1,-1,region_centroids_N_Thiessen_Clip,Id,-1,-1,region_centroids_G_Thiessen_Clip_inc133,Id,-1,-1;Input_FID "Input_FID" true true false 10 Long 0 10 ,First,#,region_centroids_J_Thiessen_Clip,Input_FID,-1,-1,region_centroids_C_Thiessen_Clip,Input_FID,-1,-1,region_centroids_A_Thiessen_Clip,Input_FID,-1,-1,region_centroids_D_Thiessen_Clip_with_108,Input_FID,-1,-1,region_centroids_P_Thiessen_Clip,Input_FID,-1,-1,region_centroids_N_Thiessen_Clip,Input_FID,-1,-1,region_centroids_G_Thiessen_Clip_inc133,Input_FID,-1,-1;region_id "region_id" true true false 10 Long 0 10 ,First,#,region_centroids_J_Thiessen_Clip,region_id,-1,-1,region_centroids_C_Thiessen_Clip,region_id,-1,-1,region_centroids_A_Thiessen_Clip,region_id,-1,-1,region_centroids_D_Thiessen_Clip_with_108,region_id,-1,-1,region_centroids_P_Thiessen_Clip,region_id,-1,-1,region_centroids_N_Thiessen_Clip,region_id,-1,-1,region_centroids_G_Thiessen_Clip_inc133,region_id,-1,-1;gsp_group "gsp_group" true true false 254 Text 0 0 ,First,#,region_centroids_J_Thiessen_Clip,gsp_group,-1,-1,region_centroids_C_Thiessen_Clip,gsp_group,-1,-1,region_centroids_A_Thiessen_Clip,gsp_group,-1,-1,region_centroids_D_Thiessen_Clip_with_108,gsp_group,-1,-1,region_centroids_P_Thiessen_Clip,gsp_group,-1,-1,region_centroids_N_Thiessen_Clip,gsp_group,-1,-1,region_centroids_G_Thiessen_Clip_inc133,gsp_group,-1,-1;lat "lat" true true false 19 Double 0 0 ,First,#,region_centroids_J_Thiessen_Clip,lat,-1,-1,region_centroids_C_Thiessen_Clip,lat,-1,-1,region_centroids_A_Thiessen_Clip,lat,-1,-1,region_centroids_D_Thiessen_Clip_with_108,lat,-1,-1,region_centroids_P_Thiessen_Clip,lat,-1,-1,region_centroids_N_Thiessen_Clip,lat,-1,-1,region_centroids_G_Thiessen_Clip_inc133,lat,-1,-1;lon "lon" true true false 19 Double 0 0 ,First,#,region_centroids_J_Thiessen_Clip,lon,-1,-1,region_centroids_C_Thiessen_Clip,lon,-1,-1,region_centroids_A_Thiessen_Clip,lon,-1,-1,region_centroids_D_Thiessen_Clip_with_108,lon,-1,-1,region_centroids_P_Thiessen_Clip,lon,-1,-1,region_centroids_N_Thiessen_Clip,lon,-1,-1,region_centroids_G_Thiessen_Clip_inc133,lon,-1,-1;BUFF_DIST "BUFF_DIST" true true false 19 Double 0 0 ,First,#,region_centroids_D_Thiessen_Clip_with_108,BUFF_DIST,-1,-1;ORIG_FID "ORIG_FID" true true false 10 Long 0 10 ,First,#,region_centroids_D_Thiessen_Clip_with_108,ORIG_FID,-1,-1"</Process><Process ToolSource="c:\program files (x86)\arcgis\desktop10.6\ArcToolbox\Toolboxes\Data Management Tools.tbx\CalculateField" Date="20190103" Time="121542">CalculateField GSP_Thiessen_regions_A_C_D_G_J_N_P RegionID lookup_region_OTHER( str(!region_id!) , "id") PYTHON_9.3 "def lookup_region_OTHER(region_id, field):\n    lookup = {\n        '68': [68, 'Brimsdown'],\n        '69': [69, 'Tottenham'],\n        '70': [70, 'Braintree'],\n        '71': [71, 'Burwell Main'],\n        '72': [72, 'Eaton Socon'],\n        '73': [73, 'Mill Hill'],\n        '74': [74, 'Pelham'],\n        '75': [75, 'Rayleigh'],\n        '76': [76, 'Rye House'],\n        '77': [77, 'Sundon'],\n        '78': [78, 'Warley'],\n        '79': [79, 'Watford South'],\n        '80': [80, 'West Thurrock'],\n        '81': [81, 'Wymondley'],\n        '82': [82, 'Elstree'],\n        '83': [83, 'Tilbury'],\n        '84': [84, 'Amersham Main'],\n        '85': [85, 'Bramford'],\n        '86': [86, 'Norwich Main'],\n        '87': [87, 'Walpole (_A)'],\n        '88': [88, 'Barking'],\n        '89': [89, 'Beddington (_C)'],\n        '90': [90, 'City Road'],\n        '91': [91, 'Hackney'],\n        '92': [92, 'Hurst'],\n        '93': [93, 'Redbridge'],\n        '94': [94, 'St Johns Wood'],\n        '95': [95, 'West Ham'],\n        '96': [96, 'Willesden 132kV'],\n        '97': [97, 'Wimbledon'],\n        '98': [98, 'Lodge Road'],\n        '99': [99, 'New Cross'],\n        '100': [100, 'Littlebrook (_C)'],\n        '101': [101, 'Willesden 66kV (_C)'],\n        '102': [102, 'Birkenhead'],\n        '103': [103, 'Fiddlers Ferry'],\n        '104': [104, 'Kirkby (_D)'],\n        '105': [105, 'Lister Drive'],\n        '106': [106, 'Rainhill'],\n        '107': [107, 'Frodsham'],\n        '108': [108, 'Imperial Park'],\n        '109': [109, 'Trawsfynydd'],\n        '110': [110, 'Legacy'],\n        '111': [111, 'Pentir'],\n        '112': [112, 'Capenhurst'],\n        '113': [113, 'Connahs Quay'],\n        '114': [114, 'Wylfa'],\n        '133': [133, 'Kirkby (_G)'],\n        '134': [134, 'Penwortham'],\n        '135': [135, 'Washway Farm'],\n        '136': [136, 'Bredbury'],\n        '137': [137, 'Kearsley'],\n        '138': [138, 'Macclesfield'],\n        '139': [139, 'South Manchester'],\n        '140': [140, 'Stalybridge'],\n        '141': [141, 'Whitegate'],\n        '142': [142, 'Hutton'],\n        '143': [143, 'Padiham'],\n        '144': [144, 'Rochdale'],\n        '145': [145, 'Carrington'],\n        '146': [146, 'Stanah'],\n        '147': [147, 'Harker'],\n        '148': [148, 'Heysham'],\n        '149': [149, 'Beddington (_J)'],\n        '150': [150, 'Northfleet East'],\n        '151': [151, 'Kingsnorth'],\n        '152': [152, 'West Weybridge'],\n        '153': [153, 'Bolney'],\n        '154': [154, 'Ninfield'],\n        '155': [155, 'Sellindge'],\n        '156': [156, 'Chessington'],\n        '157': [157, 'Kemsley'],\n        '158': [158, 'Littlebrook (_J)'],\n        '159': [159, 'Canterbury'],\n        '160': [160, 'Richborough'],\n        '182': [182, 'Ayr'],\n        '183': [183, 'Stirling'],\n        '184': [184, 'Bainsford'],\n        '185': [185, 'Bathgate'],\n        '186': [186, 'Berwick'],\n        '187': [187, 'Bonnybridge'],\n        '188': [188, 'Braehead Park'],\n        '189': [189, 'Broxburn'],\n        '190': [190, 'Carntyne'],\n        '191': [191, 'Wishaw'],\n        '192': [192, 'Chapelcross'],\n        '193': [193, 'Charlotte Street'],\n        '194': [194, 'Clyde’s Mill'],\n        '195': [195, 'Cockenzie'],\n        '196': [196, 'Coylton'],\n        '197': [197, 'Cumbernauld'],\n        '198': [198, 'Cupar'],\n        '199': [199, 'Currie'],\n        '200': [200, 'Devol Moor'],\n        '201': [201, 'Devonside'],\n        '202': [202, 'Dewar Place'],\n        '203': [203, 'Drumchapel'],\n        '204': [204, 'Drumcross'],\n        '205': [205, 'Dunbar'],\n        '206': [206, 'Dunfermline'],\n        '207': [207, 'East Kilbride'],\n        '208': [208, 'East Kilbride South'],\n        '209': [209, 'Easterhouse'],\n        '210': [210, 'Eccles'],\n        '211': [211, 'Elderslie'],\n        '212': [212, 'Erskine'],\n        '213': [213, 'Galashiels'],\n        '214': [214, 'Giffnock'],\n        '215': [215, 'Glenniston'],\n        '216': [216, 'Glenluce'],\n        '217': [217, 'Glenrothes'],\n        '218': [218, 'Gorgie'],\n        '219': [219, 'Govan'],\n        '220': [220, 'Haggs Road'],\n        '221': [221, 'Hawick'],\n        '222': [222, 'Helensburgh'],\n        '223': [223, 'Hunterston Farm'],\n        '224': [224, 'Inverkeithing'],\n        '225': [225, 'Johnstone'],\n        '226': [226, 'Kaimes'],\n        '227': [227, 'Killermont'],\n        '228': [228, 'Kilmarnock South'],\n        '229': [229, 'Kilmarnock Town'],\n        '230': [230, 'Kilwinning'],\n        '231': [231, 'Leven'],\n        '232': [232, 'Linnmill'],\n        '233': [233, 'Livingston East'],\n        '234': [234, 'Maybole'],\n        '235': [235, 'Newarthill'],\n        '236': [236, 'Newton Stewart'],\n        '237': [237, 'Paisley'],\n        '238': [238, 'Partick'],\n        '239': [239, 'Port Dundas'],\n        '240': [240, 'Portobello'],\n        '241': [241, 'Ravenscraig'],\n        '242': [242, 'Redhouse'],\n        '243': [243, 'Shrubhill'],\n        '244': [244, 'Sighthill'],\n        '245': [245, 'Spango Valley'],\n        '246': [246, 'St Andrews Cross'],\n        '247': [247, 'Strathaven'],\n        '248': [248, 'Strathleven'],\n        '249': [249, 'Telford Road'],\n        '250': [250, 'Tongland'],\n        '251': [251, 'West George Street'],\n        '252': [252, 'Westfield'],\n        '253': [253, 'Whitehouse'],\n        '254': [254, 'Coatbridge'],\n        '255': [255, 'Crookston'],\n        '256': [256, 'Dumfries'],\n        '257': [257, 'Grangemouth'],\n        '258': [258, 'Kilbowie'],\n        '259': [259, 'Saltcoats'],\n        '260': [260, 'Dalmarnock'],\n        '261': [261, 'Finnieston'],\n        '262': [262, 'Coupar Angus'],\n        '263': [263, 'Macduff'],\n        '264': [264, 'Mybster'],\n        '265': [265, 'Thurso'],\n        '266': [266, 'Abernethy'],\n        '267': [267, 'Alness'],\n        '268': [268, 'Arbroath'],\n        '269': [269, 'Ardmore'],\n        '270': [270, 'Beauly'],\n        '271': [271, 'Boat of Garten'],\n        '272': [272, 'Braco West'],\n        '273': [273, 'Bridge of Dun'],\n        '274': [274, 'Broadford'],\n        '275': [275, 'Brora'],\n        '276': [276, 'Burghmuir'],\n        '277': [277, 'Carradale'],\n        '278': [278, 'Cassley'],\n        '279': [279, 'Ceannacroc'],\n        '280': [280, 'Charleston'],\n        '281': [281, 'Clayhills'],\n        '282': [282, 'Craigiebuckler'],\n        '283': [283, 'Dounreay'],\n        '284': [284, 'Dudhope'],\n        '285': [285, 'Dunbeath'],\n        '286': [286, 'Dunoon'],\n        '287': [287, 'Dunvegan'],\n        '288': [288, 'Dyce'],\n        '289': [289, 'Elgin'],\n        '290': [290, 'Fasnakyle'],\n        '291': [291, 'Fiddes'],\n        '292': [292, 'Fraserburgh'],\n        '293': [293, 'Fort Augustus'],\n        '294': [294, 'Fort William'],\n        '295': [295, 'Glenagnes'],\n        '296': [296, 'Grudie Bridge'],\n        '297': [297, 'Inverness'],\n        '298': [298, 'Keith'],\n        '299': [299, 'Killin'],\n        '300': [300, 'Kinlochleven'],\n        '301': [301, 'Kintore'],\n        '302': [302, 'Lairg'],\n        '303': [303, 'Lunanhead'],\n        '304': [304, 'Lyndhurst'],\n        '305': [305, 'Milton of Craigie'],\n        '306': [306, 'Nairn'],\n        '307': [307, 'Peterhead Shell'],\n        '308': [308, 'Persley'],\n        '309': [309, 'Peterhead Grange'],\n        '310': [310, 'Port Ann'],\n        '311': [311, 'Rannoch'],\n        '312': [312, 'Redmoss'],\n        '313': [313, 'Shin'],\n        '314': [314, 'Sloy'],\n        '315': [315, 'St Fergus Gas Terminal'],\n        '316': [316, 'St Fillans'],\n        '317': [317, 'Strichen'],\n        '318': [318, 'Tarland'],\n        '319': [319, 'Taynuilt'],\n        '320': [320, 'Tummel Bridge'],\n        '321': [321, 'Willowdale'],\n        '322': [322, 'Woodhill'],\n        '323': [323, 'Clachan'],\n        '324': [324, 'Ardkinglas'],\n    }\n    if field == "id":\n        return lookup[region_id.replace(" ", "")][0]\n    else:\n        return lookup[region_id.replace(" ", "")][1]"</Process><Process ToolSource="c:\program files (x86)\arcgis\desktop10.6\ArcToolbox\Toolboxes\Data Management Tools.tbx\CalculateField" Date="20190103" Time="121606">CalculateField GSP_Thiessen_regions_A_C_D_G_J_N_P RegionName lookup_region_OTHER( str(!region_id!) , "name") PYTHON_9.3 "def lookup_region_OTHER(region_id, field):\n    lookup = {\n        '68': [68, 'Brimsdown'],\n        '69': [69, 'Tottenham'],\n        '70': [70, 'Braintree'],\n        '71': [71, 'Burwell Main'],\n        '72': [72, 'Eaton Socon'],\n        '73': [73, 'Mill Hill'],\n        '74': [74, 'Pelham'],\n        '75': [75, 'Rayleigh'],\n        '76': [76, 'Rye House'],\n        '77': [77, 'Sundon'],\n        '78': [78, 'Warley'],\n        '79': [79, 'Watford South'],\n        '80': [80, 'West Thurrock'],\n        '81': [81, 'Wymondley'],\n        '82': [82, 'Elstree'],\n        '83': [83, 'Tilbury'],\n        '84': [84, 'Amersham Main'],\n        '85': [85, 'Bramford'],\n        '86': [86, 'Norwich Main'],\n        '87': [87, 'Walpole (_A)'],\n        '88': [88, 'Barking'],\n        '89': [89, 'Beddington (_C)'],\n        '90': [90, 'City Road'],\n        '91': [91, 'Hackney'],\n        '92': [92, 'Hurst'],\n        '93': [93, 'Redbridge'],\n        '94': [94, 'St Johns Wood'],\n        '95': [95, 'West Ham'],\n        '96': [96, 'Willesden 132kV'],\n        '97': [97, 'Wimbledon'],\n        '98': [98, 'Lodge Road'],\n        '99': [99, 'New Cross'],\n        '100': [100, 'Littlebrook (_C)'],\n        '101': [101, 'Willesden 66kV (_C)'],\n        '102': [102, 'Birkenhead'],\n        '103': [103, 'Fiddlers Ferry'],\n        '104': [104, 'Kirkby (_D)'],\n        '105': [105, 'Lister Drive'],\n        '106': [106, 'Rainhill'],\n        '107': [107, 'Frodsham'],\n        '108': [108, 'Imperial Park'],\n        '109': [109, 'Trawsfynydd'],\n        '110': [110, 'Legacy'],\n        '111': [111, 'Pentir'],\n        '112': [112, 'Capenhurst'],\n        '113': [113, 'Connahs Quay'],\n        '114': [114, 'Wylfa'],\n        '133': [133, 'Kirkby (_G)'],\n        '134': [134, 'Penwortham'],\n        '135': [135, 'Washway Farm'],\n        '136': [136, 'Bredbury'],\n        '137': [137, 'Kearsley'],\n        '138': [138, 'Macclesfield'],\n        '139': [139, 'South Manchester'],\n        '140': [140, 'Stalybridge'],\n        '141': [141, 'Whitegate'],\n        '142': [142, 'Hutton'],\n        '143': [143, 'Padiham'],\n        '144': [144, 'Rochdale'],\n        '145': [145, 'Carrington'],\n        '146': [146, 'Stanah'],\n        '147': [147, 'Harker'],\n        '148': [148, 'Heysham'],\n        '149': [149, 'Beddington (_J)'],\n        '150': [150, 'Northfleet East'],\n        '151': [151, 'Kingsnorth'],\n        '152': [152, 'West Weybridge'],\n        '153': [153, 'Bolney'],\n        '154': [154, 'Ninfield'],\n        '155': [155, 'Sellindge'],\n        '156': [156, 'Chessington'],\n        '157': [157, 'Kemsley'],\n        '158': [158, 'Littlebrook (_J)'],\n        '159': [159, 'Canterbury'],\n        '160': [160, 'Richborough'],\n        '182': [182, 'Ayr'],\n        '183': [183, 'Stirling'],\n        '184': [184, 'Bainsford'],\n        '185': [185, 'Bathgate'],\n        '186': [186, 'Berwick'],\n        '187': [187, 'Bonnybridge'],\n        '188': [188, 'Braehead Park'],\n        '189': [189, 'Broxburn'],\n        '190': [190, 'Carntyne'],\n        '191': [191, 'Wishaw'],\n        '192': [192, 'Chapelcross'],\n        '193': [193, 'Charlotte Street'],\n        '194': [194, 'Clyde’s Mill'],\n        '195': [195, 'Cockenzie'],\n        '196': [196, 'Coylton'],\n        '197': [197, 'Cumbernauld'],\n        '198': [198, 'Cupar'],\n        '199': [199, 'Currie'],\n        '200': [200, 'Devol Moor'],\n        '201': [201, 'Devonside'],\n        '202': [202, 'Dewar Place'],\n        '203': [203, 'Drumchapel'],\n        '204': [204, 'Drumcross'],\n        '205': [205, 'Dunbar'],\n        '206': [206, 'Dunfermline'],\n        '207': [207, 'East Kilbride'],\n        '208': [208, 'East Kilbride South'],\n        '209': [209, 'Easterhouse'],\n        '210': [210, 'Eccles'],\n        '211': [211, 'Elderslie'],\n        '212': [212, 'Erskine'],\n        '213': [213, 'Galashiels'],\n        '214': [214, 'Giffnock'],\n        '215': [215, 'Glenniston'],\n        '216': [216, 'Glenluce'],\n        '217': [217, 'Glenrothes'],\n        '218': [218, 'Gorgie'],\n        '219': [219, 'Govan'],\n        '220': [220, 'Haggs Road'],\n        '221': [221, 'Hawick'],\n        '222': [222, 'Helensburgh'],\n        '223': [223, 'Hunterston Farm'],\n        '224': [224, 'Inverkeithing'],\n        '225': [225, 'Johnstone'],\n        '226': [226, 'Kaimes'],\n        '227': [227, 'Killermont'],\n        '228': [228, 'Kilmarnock South'],\n        '229': [229, 'Kilmarnock Town'],\n        '230': [230, 'Kilwinning'],\n        '231': [231, 'Leven'],\n        '232': [232, 'Linnmill'],\n        '233': [233, 'Livingston East'],\n        '234': [234, 'Maybole'],\n        '235': [235, 'Newarthill'],\n        '236': [236, 'Newton Stewart'],\n        '237': [237, 'Paisley'],\n        '238': [238, 'Partick'],\n        '239': [239, 'Port Dundas'],\n        '240': [240, 'Portobello'],\n        '241': [241, 'Ravenscraig'],\n        '242': [242, 'Redhouse'],\n        '243': [243, 'Shrubhill'],\n        '244': [244, 'Sighthill'],\n        '245': [245, 'Spango Valley'],\n        '246': [246, 'St Andrews Cross'],\n        '247': [247, 'Strathaven'],\n        '248': [248, 'Strathleven'],\n        '249': [249, 'Telford Road'],\n        '250': [250, 'Tongland'],\n        '251': [251, 'West George Street'],\n        '252': [252, 'Westfield'],\n        '253': [253, 'Whitehouse'],\n        '254': [254, 'Coatbridge'],\n        '255': [255, 'Crookston'],\n        '256': [256, 'Dumfries'],\n        '257': [257, 'Grangemouth'],\n        '258': [258, 'Kilbowie'],\n        '259': [259, 'Saltcoats'],\n        '260': [260, 'Dalmarnock'],\n        '261': [261, 'Finnieston'],\n        '262': [262, 'Coupar Angus'],\n        '263': [263, 'Macduff'],\n        '264': [264, 'Mybster'],\n        '265': [265, 'Thurso'],\n        '266': [266, 'Abernethy'],\n        '267': [267, 'Alness'],\n        '268': [268, 'Arbroath'],\n        '269': [269, 'Ardmore'],\n        '270': [270, 'Beauly'],\n        '271': [271, 'Boat of Garten'],\n        '272': [272, 'Braco West'],\n        '273': [273, 'Bridge of Dun'],\n        '274': [274, 'Broadford'],\n        '275': [275, 'Brora'],\n        '276': [276, 'Burghmuir'],\n        '277': [277, 'Carradale'],\n        '278': [278, 'Cassley'],\n        '279': [279, 'Ceannacroc'],\n        '280': [280, 'Charleston'],\n        '281': [281, 'Clayhills'],\n        '282': [282, 'Craigiebuckler'],\n        '283': [283, 'Dounreay'],\n        '284': [284, 'Dudhope'],\n        '285': [285, 'Dunbeath'],\n        '286': [286, 'Dunoon'],\n        '287': [287, 'Dunvegan'],\n        '288': [288, 'Dyce'],\n        '289': [289, 'Elgin'],\n        '290': [290, 'Fasnakyle'],\n        '291': [291, 'Fiddes'],\n        '292': [292, 'Fraserburgh'],\n        '293': [293, 'Fort Augustus'],\n        '294': [294, 'Fort William'],\n        '295': [295, 'Glenagnes'],\n        '296': [296, 'Grudie Bridge'],\n        '297': [297, 'Inverness'],\n        '298': [298, 'Keith'],\n        '299': [299, 'Killin'],\n        '300': [300, 'Kinlochleven'],\n        '301': [301, 'Kintore'],\n        '302': [302, 'Lairg'],\n        '303': [303, 'Lunanhead'],\n        '304': [304, 'Lyndhurst'],\n        '305': [305, 'Milton of Craigie'],\n        '306': [306, 'Nairn'],\n        '307': [307, 'Peterhead Shell'],\n        '308': [308, 'Persley'],\n        '309': [309, 'Peterhead Grange'],\n        '310': [310, 'Port Ann'],\n        '311': [311, 'Rannoch'],\n        '312': [312, 'Redmoss'],\n        '313': [313, 'Shin'],\n        '314': [314, 'Sloy'],\n        '315': [315, 'St Fergus Gas Terminal'],\n        '316': [316, 'St Fillans'],\n        '317': [317, 'Strichen'],\n        '318': [318, 'Tarland'],\n        '319': [319, 'Taynuilt'],\n        '320': [320, 'Tummel Bridge'],\n        '321': [321, 'Willowdale'],\n        '322': [322, 'Woodhill'],\n        '323': [323, 'Clachan'],\n        '324': [324, 'Ardkinglas'],\n    }\n    if field == "id":\n        return lookup[region_id.replace(" ", "")][0]\n    else:\n        return lookup[region_id.replace(" ", "")][1]"</Process><Process ToolSource="c:\program files (x86)\arcgis\desktop10.6\ArcToolbox\Toolboxes\Data Management Tools.tbx\Merge" Date="20190103" Time="135259">Merge OtherDNOs_GSP_regions_A_C_D_G_J_N_P;NPG_GSP_regions_F;NPG_GSP_regions_M;SSE_GSP_regions_H;WPD_GSP_regions_E;WPD_GSP_regions_B;WPD_GSP_regions_K;WPD_GSP_regions_L "C:\Users\jamie\Google Drive\ss_work\projects\national_grid\Regional\GSP Regions\20181031_Derivations\GSP_regions_20181031.shp" "RegionID "RegionID" true true false 10 Long 0 10 ,First,#,OtherDNOs_GSP_regions_A_C_D_G_J_N_P,RegionID,-1,-1,NPG_GSP_regions_F,RegionID,-1,-1,NPG_GSP_regions_M,RegionID,-1,-1,SSE_GSP_regions_H,RegionID,-1,-1,WPD_GSP_regions_E,RegionID,-1,-1,WPD_GSP_regions_B,RegionID,-1,-1,WPD_GSP_regions_K,RegionID,-1,-1,WPD_GSP_regions_L,RegionID,-1,-1;RegionName "RegionName" true true false 100 Text 0 0 ,First,#,OtherDNOs_GSP_regions_A_C_D_G_J_N_P,RegionName,-1,-1,NPG_GSP_regions_F,RegionName,-1,-1,NPG_GSP_regions_M,RegionName,-1,-1,SSE_GSP_regions_H,RegionName,-1,-1,WPD_GSP_regions_E,RegionName,-1,-1,WPD_GSP_regions_B,RegionName,-1,-1,WPD_GSP_regions_K,RegionName,-1,-1,WPD_GSP_regions_L,RegionName,-1,-1"</Process></lineage></DataProperties><SyncDate>20190103</SyncDate><SyncTime>13525700</SyncTime><ModDate>20190103</ModDate><ModTime>13525700</ModTime></Esri><dataIdInfo><envirDesc Sync="TRUE"> Version 6.2 (Build 9200) ; Esri ArcGIS 10.6.0.8321</envirDesc><dataLang><languageCode value="eng" Sync="TRUE"></languageCode><countryCode value="GBR" Sync="TRUE"></countryCode></dataLang><idCitation><resTitle Sync="TRUE">GSP_regions_20181031</resTitle><presForm><PresFormCd value="005" Sync="TRUE"></PresFormCd></presForm></idCitation><spatRpType><SpatRepTypCd value="001" Sync="TRUE"></SpatRepTypCd></spatRpType></dataIdInfo><mdLang><languageCode value="eng" Sync="TRUE"></languageCode><countryCode value="GBR" Sync="TRUE"></countryCode></mdLang><mdChar><CharSetCd value="004" Sync="TRUE"></CharSetCd></mdChar><distInfo><distFormat><formatName Sync="TRUE">Shapefile</formatName></distFormat><distTranOps><transSize Sync="TRUE">0.000</transSize></distTranOps></distInfo><mdHrLv><ScopeCd value="005" Sync="TRUE"></ScopeCd></mdHrLv><mdHrLvName Sync="TRUE">dataset</mdHrLvName><refSysInfo><RefSystem><refSysID><identCode code="27700" Sync="TRUE"></identCode><idCodeSpace Sync="TRUE">EPSG</idCodeSpace><idVersion Sync="TRUE">8.9.5(3.0.1)</idVersion></refSysID></RefSystem></refSysInfo><spatRepInfo><VectSpatRep><geometObjs Name="GSP_regions_20181031"><geoObjTyp><GeoObjTypCd value="002" Sync="TRUE"></GeoObjTypCd></geoObjTyp><geoObjCnt Sync="TRUE">0</geoObjCnt></geometObjs><topLvl><TopoLevCd value="001" Sync="TRUE"></TopoLevCd></topLvl></VectSpatRep></spatRepInfo><spdoinfo><ptvctinf><esriterm Name="GSP_regions_20181031"><efeatyp Sync="TRUE">Simple</efeatyp><efeageom code="4" Sync="TRUE"></efeageom><esritopo Sync="TRUE">FALSE</esritopo><efeacnt Sync="TRUE">0</efeacnt><spindex Sync="TRUE">FALSE</spindex><linrefer Sync="TRUE">FALSE</linrefer></esriterm></ptvctinf></spdoinfo><eainfo><detailed Name="GSP_regions_20181031"><enttyp><enttypl Sync="TRUE">GSP_regions_20181031</enttypl><enttypt Sync="TRUE">Feature Class</enttypt><enttypc Sync="TRUE">0</enttypc></enttyp><attr><attrlabl Sync="TRUE">FID</attrlabl><attalias Sync="TRUE">FID</attalias><attrtype Sync="TRUE">OID</attrtype><attwidth Sync="TRUE">4</attwidth><atprecis Sync="TRUE">0</atprecis><attscale Sync="TRUE">0</attscale><attrdef Sync="TRUE">Internal feature number.</attrdef><attrdefs Sync="TRUE">Esri</attrdefs><attrdomv><udom Sync="TRUE">Sequential unique whole numbers that are automatically generated.</udom></attrdomv></attr><attr><attrlabl Sync="TRUE">Shape</attrlabl><attalias Sync="TRUE">Shape</attalias><attrtype Sync="TRUE">Geometry</attrtype><attwidth Sync="TRUE">0</attwidth><atprecis Sync="TRUE">0</atprecis><attscale Sync="TRUE">0</attscale><attrdef Sync="TRUE">Feature geometry.</attrdef><attrdefs Sync="TRUE">Esri</attrdefs><attrdomv><udom Sync="TRUE">Coordinates defining the features.</udom></attrdomv></attr><attr><attrlabl Sync="TRUE">RegionID</attrlabl><attalias Sync="TRUE">RegionID</attalias><attrtype Sync="TRUE">Integer</attrtype><attwidth Sync="TRUE">10</attwidth><atprecis Sync="TRUE">10</atprecis><attscale Sync="TRUE">0</attscale></attr><attr><attrlabl Sync="TRUE">RegionName</attrlabl><attalias Sync="TRUE">RegionName</attalias><attrtype Sync="TRUE">String</attrtype><attwidth Sync="TRUE">100</attwidth><atprecis Sync="TRUE">0</atprecis><attscale Sync="TRUE">0</attscale></attr></detailed></eainfo><mdDateSt Sync="TRUE">20190103</mdDateSt></metadata>
