<?xml version="1.0" encoding="UTF-8"?>
<metadata xml:lang="en"><Esri><CreaDate>20190812</CreaDate><CreaTime>11235400</CreaTime><ArcGISFormat>1.0</ArcGISFormat><SyncOnce>FALSE</SyncOnce><DataProperties><itemProps><itemName Sync="TRUE">Regions_20190810</itemName><imsContentType Sync="TRUE">002</imsContentType><itemSize Sync="TRUE">0.000</itemSize><itemLocation><linkage Sync="TRUE">file://\\CSCGBRAI718671L\C$\Users\owen.huxley\OneDrive\Regions\Regions_Final_20190701\Regions_20190810.shp</linkage><protocol Sync="TRUE">Local Area Network</protocol></itemLocation></itemProps><coordRef><type Sync="TRUE">Projected</type><geogcsn Sync="TRUE">GCS_Airy 1830</geogcsn><csUnits Sync="TRUE">Linear Unit: Meter (1.000000)</csUnits><projcsn Sync="TRUE">Transverse_Mercator</projcsn><peXml Sync="TRUE">&lt;ProjectedCoordinateSystem xsi:type='typens:ProjectedCoordinateSystem' xmlns:xsi='http://www.w3.org/2001/XMLSchema-instance' xmlns:xs='http://www.w3.org/2001/XMLSchema' xmlns:typens='http://www.esri.com/schemas/ArcGIS/10.6'&gt;&lt;WKT&gt;PROJCS[&amp;quot;Transverse_Mercator&amp;quot;,GEOGCS[&amp;quot;GCS_Airy 1830&amp;quot;,DATUM[&amp;quot;D_unknown&amp;quot;,SPHEROID[&amp;quot;airy&amp;quot;,6377563.396,299.3249646]],PRIMEM[&amp;quot;Greenwich&amp;quot;,0.0],UNIT[&amp;quot;Degree&amp;quot;,0.0174532925199433]],PROJECTION[&amp;quot;Transverse_Mercator&amp;quot;],PARAMETER[&amp;quot;false_easting&amp;quot;,400000.0],PARAMETER[&amp;quot;false_northing&amp;quot;,-100000.0],PARAMETER[&amp;quot;central_meridian&amp;quot;,-2.0],PARAMETER[&amp;quot;scale_factor&amp;quot;,0.9996012717],PARAMETER[&amp;quot;latitude_of_origin&amp;quot;,49.0],UNIT[&amp;quot;Meter&amp;quot;,1.0]]&lt;/WKT&gt;&lt;XOrigin&gt;-5220400&lt;/XOrigin&gt;&lt;YOrigin&gt;-15524400&lt;/YOrigin&gt;&lt;XYScale&gt;450481592.76709664&lt;/XYScale&gt;&lt;ZOrigin&gt;-100000&lt;/ZOrigin&gt;&lt;ZScale&gt;10000&lt;/ZScale&gt;&lt;MOrigin&gt;-100000&lt;/MOrigin&gt;&lt;MScale&gt;10000&lt;/MScale&gt;&lt;XYTolerance&gt;0.001&lt;/XYTolerance&gt;&lt;ZTolerance&gt;0.001&lt;/ZTolerance&gt;&lt;MTolerance&gt;0.001&lt;/MTolerance&gt;&lt;HighPrecision&gt;true&lt;/HighPrecision&gt;&lt;/ProjectedCoordinateSystem&gt;</peXml></coordRef><lineage><Process ToolSource="c:\program files (x86)\arcgis\desktop10.6\ArcToolbox\Toolboxes\Data Management Tools.tbx\Merge" Date="20190810" Time="194314">Merge UKPN_SPN_voronoi_polygons_dissolved_clipped;WPD_L_v2;UKPN_EPN_voronoi_polygons_dissolved_clipped;WPD_B;SPMANWEB_D;WPD_E;WPD_K;UKPN_C_voronoi_polygons_dissolved_clipped;SSE_P_voronoi_polygons_dissolved_clipped;SSE_H_voronoi_polygons_dissolved_clipped;SPEN_N_voronoi_polygons_dissolved_clipped;NPG_M_voronoi_polygons_dissolved_clipped;NPG_F_voronoi_polygons_dissolved_clipped;ENW_voronoi_polygons_dissolved_clipped C:\Users\owen.huxley\OneDrive\Regions\Regions_Final_20190701\Regions_20190810.shp "GSP "GSP" true true false 80 Text 0 0 ,First,#,UKPN_SPN_voronoi_polygons_dissolved_clipped,GSP,-1,-1,UKPN_C_voronoi_polygons_dissolved_clipped,GSP,-1,-1,SSE_P_voronoi_polygons_dissolved_clipped,GSP,-1,-1,SSE_H_voronoi_polygons_dissolved_clipped,GSP,-1,-1,SPEN_N_voronoi_polygons_dissolved_clipped,GSP,-1,-1,NPG_M_voronoi_polygons_dissolved_clipped,GSP,-1,-1,NPG_F_voronoi_polygons_dissolved_clipped,GSP,-1,-1,ENW_voronoi_polygons_dissolved_clipped,GSP,-1,-1;Region_ID "Region_ID" true true false 80 Text 0 0 ,First,#,UKPN_SPN_voronoi_polygons_dissolved_clipped,Region ID,-1,-1,WPD_L_v2,region_id,-1,-1,WPD_B,region_id,-1,-1,SPMANWEB_D,region_id,-1,-1,WPD_E,region_id,-1,-1,WPD_K,region_id,-1,-1;GSP_s_ "GSP_s_" true true false 80 Text 0 0 ,First,#,UKPN_SPN_voronoi_polygons_dissolved_clipped,GSP(s),-1,-1;Gnode_s_ "Gnode_s_" true true false 80 Text 0 0 ,First,#,UKPN_SPN_voronoi_polygons_dissolved_clipped,Gnode(s),-1,-1;GSPGroupID "GSPGroupID" true true false 18 Double 0 18 ,First,#,UKPN_SPN_voronoi_polygons_dissolved_clipped,GSPGroupID,-1,-1,UKPN_EPN_voronoi_polygons_dissolved_clipped,GSPGroupID,-1,-1,UKPN_C_voronoi_polygons_dissolved_clipped,GSPGroupID,-1,-1,SSE_P_voronoi_polygons_dissolved_clipped,GSPGroupID,-1,-1,SSE_H_voronoi_polygons_dissolved_clipped,GSPGroupID,-1,-1,SPEN_N_voronoi_polygons_dissolved_clipped,GSPGroupID,-1,-1,NPG_M_voronoi_polygons_dissolved_clipped,GSPGroupID,-1,-1,NPG_F_voronoi_polygons_dissolved_clipped,GSPGroupID,-1,-1,ENW_voronoi_polygons_dissolved_clipped,GSPGroupID,-1,-1;GSPGroup "GSPGroup" true true false 80 Text 0 0 ,First,#,UKPN_SPN_voronoi_polygons_dissolved_clipped,GSPGroup,-1,-1,UKPN_EPN_voronoi_polygons_dissolved_clipped,GSPGroup,-1,-1,UKPN_C_voronoi_polygons_dissolved_clipped,GSPGroup,-1,-1,SSE_P_voronoi_polygons_dissolved_clipped,GSPGroup,-1,-1,SSE_H_voronoi_polygons_dissolved_clipped,GSPGroup,-1,-1,SPEN_N_voronoi_polygons_dissolved_clipped,GSPGroup,-1,-1,ENW_voronoi_polygons_dissolved_clipped,GSPGroup,-1,-1;ShortName "ShortName" true true false 80 Text 0 0 ,First,#,UKPN_SPN_voronoi_polygons_dissolved_clipped,ShortName,-1,-1,UKPN_EPN_voronoi_polygons_dissolved_clipped,ShortName,-1,-1,UKPN_C_voronoi_polygons_dissolved_clipped,ShortName,-1,-1,SSE_P_voronoi_polygons_dissolved_clipped,ShortName,-1,-1,SSE_H_voronoi_polygons_dissolved_clipped,ShortName,-1,-1,SPEN_N_voronoi_polygons_dissolved_clipped,ShortName,-1,-1,NPG_M_voronoi_polygons_dissolved_clipped,ShortName,-1,-1,NPG_F_voronoi_polygons_dissolved_clipped,ShortName,-1,-1,ENW_voronoi_polygons_dissolved_clipped,ShortName,-1,-1;gsp_name "gsp_name" true true false 254 Text 0 0 ,First,#,WPD_L_v2,gsp_name,-1,-1,WPD_B,gsp_name,-1,-1,SPMANWEB_D,gsp_name,-1,-1,WPD_E,gsp_name,-1,-1,WPD_K,gsp_name,-1,-1;pes_id "pes_id" true true false 10 Long 0 10 ,First,#,WPD_L_v2,pes_id,-1,-1,WPD_B,pes_id,-1,-1,SPMANWEB_D,pes_id,-1,-1,WPD_E,pes_id,-1,-1,WPD_K,pes_id,-1,-1;pes_name "pes_name" true true false 254 Text 0 0 ,First,#,WPD_L_v2,pes_name,-1,-1,WPD_B,pes_name,-1,-1,SPMANWEB_D,pes_name,-1,-1,WPD_E,pes_name,-1,-1,WPD_K,pes_name,-1,-1;Region_ID_ "Region_ID_" true true false 80 Text 0 0 ,First,#,UKPN_EPN_voronoi_polygons_dissolved_clipped,Region ID,-1,-1;GSP_s1 "GSP_s1" true true false 80 Text 0 0 ,First,#,UKPN_EPN_voronoi_polygons_dissolved_clipped,GSP(s),-1,-1;GNode_s1 "GNode_s1" true true false 80 Text 0 0 ,First,#,UKPN_EPN_voronoi_polygons_dissolved_clipped,GNode(s),-1,-1;gnode_name "gnode_name" true true false 254 Text 0 0 ,First,#,WPD_K,gnode_name,-1,-1;Region_ID1 "Region_ID1" true true false 80 Text 0 0 ,First,#,UKPN_C_voronoi_polygons_dissolved_clipped,Region ID,-1,-1;GSP_s1_1 "GSP_s1_1" true true false 80 Text 0 0 ,First,#,UKPN_C_voronoi_polygons_dissolved_clipped,GSP(s),-1,-1;GNode_s1_1 "GNode_s1_1" true true false 80 Text 0 0 ,First,#,UKPN_C_voronoi_polygons_dissolved_clipped,GNode(s),-1,-1;SSE_GSP "SSE_GSP" true true false 80 Text 0 0 ,First,#,SSE_P_voronoi_polygons_dissolved_clipped,SSE GSP,-1,-1;Region_I_1 "Region_I_1" true true false 80 Text 0 0 ,First,#,SSE_P_voronoi_polygons_dissolved_clipped,Region ID,-1,-1;GSP_s1_12 "GSP_s1_12" true true false 80 Text 0 0 ,First,#,SSE_P_voronoi_polygons_dissolved_clipped,GSP(s),-1,-1;GNode_s1_2 "GNode_s1_2" true true false 80 Text 0 0 ,First,#,SSE_P_voronoi_polygons_dissolved_clipped,GNode(s),-1,-1;Region_I_2 "Region_I_2" true true false 80 Text 0 0 ,First,#,SSE_H_voronoi_polygons_dissolved_clipped,Region ID,-1,-1;GSP_s1_12_ "GSP_s1_12_" true true false 80 Text 0 0 ,First,#,SSE_H_voronoi_polygons_dissolved_clipped,GSP(s),-1,-1;GNode_s1_3 "GNode_s1_3" true true false 80 Text 0 0 ,First,#,SSE_H_voronoi_polygons_dissolved_clipped,GNode(s),-1,-1;Region_I_3 "Region_I_3" true true false 80 Text 0 0 ,First,#,SPEN_N_voronoi_polygons_dissolved_clipped,Region ID,-1,-1;DNO_s_Name "DNO_s_Name" true true false 80 Text 0 0 ,First,#,SPEN_N_voronoi_polygons_dissolved_clipped,DNO's Name,-1,-1;Region_I_4 "Region_I_4" true true false 80 Text 0 0 ,First,#,NPG_M_voronoi_polygons_dissolved_clipped,Region ID,-1,-1;GSP_s1_121 "GSP_s1_121" true true false 80 Text 0 0 ,First,#,NPG_M_voronoi_polygons_dissolved_clipped,GSP(s),-1,-1;GNode_s1_4 "GNode_s1_4" true true false 80 Text 0 0 ,First,#,NPG_M_voronoi_polygons_dissolved_clipped,GNode(s),-1,-1;GSP_Group "GSP_Group" true true false 80 Text 0 0 ,First,#,NPG_M_voronoi_polygons_dissolved_clipped,GSP Group,-1,-1;Region_I_5 "Region_I_5" true true false 80 Text 0 0 ,First,#,NPG_F_voronoi_polygons_dissolved_clipped,Region ID,-1,-1;GSP_Group_ "GSP_Group_" true true false 80 Text 0 0 ,First,#,NPG_F_voronoi_polygons_dissolved_clipped,GSP Group,-1,-1;DNO_Name "DNO_Name" true true false 80 Text 0 0 ,First,#,NPG_F_voronoi_polygons_dissolved_clipped,DNO Name,-1,-1;Region_I_6 "Region_I_6" true true false 80 Text 0 0 ,First,#,ENW_voronoi_polygons_dissolved_clipped,Region ID,-1,-1;GSP_s1_122 "GSP_s1_122" true true false 80 Text 0 0 ,First,#,ENW_voronoi_polygons_dissolved_clipped,GSP(s),-1,-1;GNode_s1_5 "GNode_s1_5" true true false 80 Text 0 0 ,First,#,ENW_voronoi_polygons_dissolved_clipped,GNode(s),-1,-1"</Process><Process ToolSource="c:\program files (x86)\arcgis\desktop10.6\ArcToolbox\Toolboxes\Data Management Tools.tbx\CalculateField" Date="20190810" Time="214815">CalculateField Regions_20190810 id myfunc( !Region_ID! , !region_i_1! ) PYTHON_9.3 "def myfunc(RegionID, region_id):\n    if RegionID != " ":\n        return "2"\n    else:\n        return region_id"</Process><Process ToolSource="c:\program files (x86)\arcgis\desktop10.6\ArcToolbox\Toolboxes\Data Management Tools.tbx\CalculateField" Date="20190810" Time="215215">CalculateField Regions_20190810 id myfunc( !Region_ID! , !region_i_1!, !FID! ) PYTHON_9.3 "def myfunc(RegionID, region_id, fid):\n    if fid == 296:\n        return 179\n    elif RegionID != " ":\n        return RegionID\n    else:\n        return region_id"</Process><Process ToolSource="c:\program files (x86)\arcgis\desktop10.6\ArcToolbox\Toolboxes\Data Management Tools.tbx\CalculateField" Date="20190812" Time="111908">CalculateField Regions_20190810 new_id myfunc( !FID! , !id!) PYTHON_9.3 "def myfunc(fid, id):\n    if fid == 172:\n        return 331\n    elif fid == 305:\n        return 332\n    else:\n        return 332"</Process><Process ToolSource="c:\program files (x86)\arcgis\desktop10.6\ArcToolbox\Toolboxes\Data Management Tools.tbx\CalculateField" Date="20190812" Time="111934">CalculateField Regions_20190810 new_id myfunc( !FID! , !id!) PYTHON_9.3 "def myfunc(fid, id):\n    if fid == 172:\n        return 331\n    elif fid == 305:\n        return 332\n    else:\n        return id"</Process></lineage></DataProperties><SyncDate>20190810</SyncDate><SyncTime>19430800</SyncTime><ModDate>20190810</ModDate><ModTime>19430800</ModTime></Esri><dataIdInfo><envirDesc Sync="TRUE">Microsoft Windows 7 Version 6.1 (Build 7601) Service Pack 1; Esri ArcGIS 10.6.0.8321</envirDesc><dataLang><languageCode value="eng" Sync="TRUE"></languageCode><countryCode value="GBR" Sync="TRUE"></countryCode></dataLang><idCitation><resTitle Sync="TRUE">Regions_20190810</resTitle><presForm><PresFormCd value="005" Sync="TRUE"></PresFormCd></presForm></idCitation><spatRpType><SpatRepTypCd value="001" Sync="TRUE"></SpatRepTypCd></spatRpType></dataIdInfo><mdLang><languageCode value="eng" Sync="TRUE"></languageCode><countryCode value="GBR" Sync="TRUE"></countryCode></mdLang><mdChar><CharSetCd value="004" Sync="TRUE"></CharSetCd></mdChar><distInfo><distFormat><formatName Sync="TRUE">Shapefile</formatName></distFormat><distTranOps><transSize Sync="TRUE">0.000</transSize></distTranOps></distInfo><mdHrLv><ScopeCd value="005" Sync="TRUE"></ScopeCd></mdHrLv><mdHrLvName Sync="TRUE">dataset</mdHrLvName><refSysInfo><RefSystem><refSysID><identCode code="0" Sync="TRUE"></identCode></refSysID></RefSystem></refSysInfo><spatRepInfo><VectSpatRep><geometObjs Name="Regions_20190810"><geoObjTyp><GeoObjTypCd value="002" Sync="TRUE"></GeoObjTypCd></geoObjTyp><geoObjCnt Sync="TRUE">0</geoObjCnt></geometObjs><topLvl><TopoLevCd value="001" Sync="TRUE"></TopoLevCd></topLvl></VectSpatRep></spatRepInfo><spdoinfo><ptvctinf><esriterm Name="Regions_20190810"><efeatyp Sync="TRUE">Simple</efeatyp><efeageom code="4" Sync="TRUE"></efeageom><esritopo Sync="TRUE">FALSE</esritopo><efeacnt Sync="TRUE">0</efeacnt><spindex Sync="TRUE">FALSE</spindex><linrefer Sync="TRUE">FALSE</linrefer></esriterm></ptvctinf></spdoinfo><eainfo><detailed Name="Regions_20190810"><enttyp><enttypl Sync="TRUE">Regions_20190810</enttypl><enttypt Sync="TRUE">Feature Class</enttypt><enttypc Sync="TRUE">0</enttypc></enttyp><attr><attrlabl Sync="TRUE">FID</attrlabl><attalias Sync="TRUE">FID</attalias><attrtype Sync="TRUE">OID</attrtype><attwidth Sync="TRUE">4</attwidth><atprecis Sync="TRUE">0</atprecis><attscale Sync="TRUE">0</attscale><attrdef Sync="TRUE">Internal feature number.</attrdef><attrdefs Sync="TRUE">Esri</attrdefs><attrdomv><udom Sync="TRUE">Sequential unique whole numbers that are automatically generated.</udom></attrdomv></attr><attr><attrlabl Sync="TRUE">Shape</attrlabl><attalias Sync="TRUE">Shape</attalias><attrtype Sync="TRUE">Geometry</attrtype><attwidth Sync="TRUE">0</attwidth><atprecis Sync="TRUE">0</atprecis><attscale Sync="TRUE">0</attscale><attrdef Sync="TRUE">Feature geometry.</attrdef><attrdefs Sync="TRUE">Esri</attrdefs><attrdomv><udom Sync="TRUE">Coordinates defining the features.</udom></attrdomv></attr><attr><attrlabl Sync="TRUE">GSP</attrlabl><attalias Sync="TRUE">GSP</attalias><attrtype Sync="TRUE">String</attrtype><attwidth Sync="TRUE">80</attwidth><atprecis Sync="TRUE">0</atprecis><attscale Sync="TRUE">0</attscale></attr><attr><attrlabl Sync="TRUE">Region_ID</attrlabl><attalias Sync="TRUE">Region_ID</attalias><attrtype Sync="TRUE">String</attrtype><attwidth Sync="TRUE">80</attwidth><atprecis Sync="TRUE">0</atprecis><attscale Sync="TRUE">0</attscale></attr><attr><attrlabl Sync="TRUE">GSP_s_</attrlabl><attalias Sync="TRUE">GSP_s_</attalias><attrtype Sync="TRUE">String</attrtype><attwidth Sync="TRUE">80</attwidth><atprecis Sync="TRUE">0</atprecis><attscale Sync="TRUE">0</attscale></attr><attr><attrlabl Sync="TRUE">Gnode_s_</attrlabl><attalias Sync="TRUE">Gnode_s_</attalias><attrtype Sync="TRUE">String</attrtype><attwidth Sync="TRUE">80</attwidth><atprecis Sync="TRUE">0</atprecis><attscale Sync="TRUE">0</attscale></attr><attr><attrlabl Sync="TRUE">GSPGroupID</attrlabl><attalias Sync="TRUE">GSPGroupID</attalias><attrtype Sync="TRUE">Double</attrtype><attwidth Sync="TRUE">19</attwidth><atprecis Sync="TRUE">0</atprecis><attscale Sync="TRUE">0</attscale></attr><attr><attrlabl Sync="TRUE">GSPGroup</attrlabl><attalias Sync="TRUE">GSPGroup</attalias><attrtype Sync="TRUE">String</attrtype><attwidth Sync="TRUE">80</attwidth><atprecis Sync="TRUE">0</atprecis><attscale Sync="TRUE">0</attscale></attr><attr><attrlabl Sync="TRUE">ShortName</attrlabl><attalias Sync="TRUE">ShortName</attalias><attrtype Sync="TRUE">String</attrtype><attwidth Sync="TRUE">80</attwidth><atprecis Sync="TRUE">0</atprecis><attscale Sync="TRUE">0</attscale></attr><attr><attrlabl Sync="TRUE">region_i_1</attrlabl><attalias Sync="TRUE">region_i_1</attalias><attrtype Sync="TRUE">Integer</attrtype><attwidth Sync="TRUE">10</attwidth><atprecis Sync="TRUE">10</atprecis><attscale Sync="TRUE">0</attscale></attr><attr><attrlabl Sync="TRUE">gsp_name</attrlabl><attalias Sync="TRUE">gsp_name</attalias><attrtype Sync="TRUE">String</attrtype><attwidth Sync="TRUE">254</attwidth><atprecis Sync="TRUE">0</atprecis><attscale Sync="TRUE">0</attscale></attr><attr><attrlabl Sync="TRUE">pes_id</attrlabl><attalias Sync="TRUE">pes_id</attalias><attrtype Sync="TRUE">Integer</attrtype><attwidth Sync="TRUE">10</attwidth><atprecis Sync="TRUE">10</atprecis><attscale Sync="TRUE">0</attscale></attr><attr><attrlabl Sync="TRUE">pes_name</attrlabl><attalias Sync="TRUE">pes_name</attalias><attrtype Sync="TRUE">String</attrtype><attwidth Sync="TRUE">254</attwidth><atprecis Sync="TRUE">0</atprecis><attscale Sync="TRUE">0</attscale></attr><attr><attrlabl Sync="TRUE">gnode_name</attrlabl><attalias Sync="TRUE">gnode_name</attalias><attrtype Sync="TRUE">String</attrtype><attwidth Sync="TRUE">254</attwidth><atprecis Sync="TRUE">0</atprecis><attscale Sync="TRUE">0</attscale></attr><attr><attrlabl Sync="TRUE">SSE_GSP</attrlabl><attalias Sync="TRUE">SSE_GSP</attalias><attrtype Sync="TRUE">String</attrtype><attwidth Sync="TRUE">80</attwidth><atprecis Sync="TRUE">0</atprecis><attscale Sync="TRUE">0</attscale></attr><attr><attrlabl Sync="TRUE">DNO_s_Name</attrlabl><attalias Sync="TRUE">DNO_s_Name</attalias><attrtype Sync="TRUE">String</attrtype><attwidth Sync="TRUE">80</attwidth><atprecis Sync="TRUE">0</atprecis><attscale Sync="TRUE">0</attscale></attr><attr><attrlabl Sync="TRUE">GSP_Group</attrlabl><attalias Sync="TRUE">GSP_Group</attalias><attrtype Sync="TRUE">String</attrtype><attwidth Sync="TRUE">80</attwidth><atprecis Sync="TRUE">0</atprecis><attscale Sync="TRUE">0</attscale></attr><attr><attrlabl Sync="TRUE">DNO_Name</attrlabl><attalias Sync="TRUE">DNO_Name</attalias><attrtype Sync="TRUE">String</attrtype><attwidth Sync="TRUE">80</attwidth><atprecis Sync="TRUE">0</atprecis><attscale Sync="TRUE">0</attscale></attr></detailed></eainfo><mdDateSt Sync="TRUE">20190810</mdDateSt></metadata>
