GSP,2019,2020,2021,2022,2023,2024,2025,2026,2027,2028,2029,2030,2031,2032,2033,2034,2035,2036,2037,2038,2039,2040,2041,2042,2043,2044,2045,2046,2047,2048,2049,2050
ABTH_1,118.630,115.429,110.646,106.887,104.466,102.482,101.108,100.920,101.083,101.301,101.477,101.622,101.839,102.142,102.335,102.260,102.276,102.109,101.894,101.680,101.381,100.709,100.640,100.930,100.566,99.531,98.610,98.321,97.904,97.151,96.325,95.833
ACTL_2,7.927,7.713,7.393,7.142,6.980,6.848,6.756,6.743,6.754,6.769,6.781,6.790,6.805,6.825,6.838,6.833,6.834,6.823,6.808,6.794,6.774,6.729,6.725,6.744,6.720,6.651,6.589,6.570,6.542,6.492,6.436,6.403
ACTL_C,13.753,13.382,12.828,12.392,12.111,11.881,11.722,11.700,11.719,11.744,11.765,11.781,11.807,11.842,11.864,11.855,11.857,11.838,11.813,11.788,11.753,11.676,11.668,11.701,11.659,11.539,11.432,11.399,11.350,11.263,11.167,11.110
ALNE_P,10.351,10.072,9.654,9.326,9.115,8.942,8.822,8.806,8.820,8.839,8.854,8.867,8.886,8.912,8.929,8.923,8.924,8.909,8.891,8.872,8.846,8.787,8.781,8.807,8.775,8.685,8.604,8.579,8.543,8.477,8.405,8.362
ALST_3,6.933,6.746,6.467,6.247,6.105,5.989,5.909,5.898,5.908,5.920,5.931,5.939,5.952,5.970,5.981,5.977,5.977,5.968,5.955,5.943,5.925,5.886,5.882,5.899,5.878,5.817,5.763,5.746,5.722,5.678,5.630,5.601
ALVE1,78.119,76.011,72.861,70.386,68.792,67.485,66.581,66.457,66.564,66.708,66.823,66.919,67.062,67.262,67.389,67.340,67.350,67.240,67.098,66.957,66.760,66.318,66.273,66.463,66.224,65.542,64.936,64.745,64.471,63.975,63.431,63.107
AMEM_1,26.906,26.180,25.095,24.243,23.694,23.243,22.932,22.889,22.926,22.976,23.015,23.048,23.098,23.166,23.210,23.193,23.197,23.159,23.110,23.062,22.994,22.841,22.826,22.891,22.809,22.574,22.365,22.300,22.205,22.034,21.847,21.735
ARBR_P,10.298,10.020,9.605,9.278,9.068,8.896,8.777,8.760,8.775,8.794,8.809,8.821,8.840,8.867,8.883,8.877,8.878,8.864,8.845,8.826,8.800,8.742,8.736,8.761,8.730,8.640,8.560,8.535,8.499,8.433,8.362,8.319
ARDK_P,0.000,0.000,0.000,0.000,0.000,0.000,0.000,0.000,0.000,0.000,0.000,0.000,0.000,0.000,0.000,0.000,0.000,0.000,0.000,0.000,0.000,0.000,0.000,0.000,0.000,0.000,0.000,0.000,0.000,0.000,0.000,0.000
ARMO_P,13.462,13.098,12.556,12.129,11.854,11.629,11.473,11.452,11.470,11.495,11.515,11.532,11.556,11.591,11.613,11.604,11.606,11.587,11.563,11.538,11.504,11.428,11.420,11.453,11.412,11.294,11.190,11.157,11.110,11.024,10.931,10.875
AXMI1,67.086,65.276,62.571,60.445,59.076,57.954,57.177,57.071,57.163,57.286,57.386,57.468,57.591,57.762,57.871,57.829,57.838,57.743,57.621,57.501,57.331,56.952,56.913,57.076,56.871,56.285,55.764,55.601,55.365,54.940,54.472,54.194
AYRR,13.387,13.026,12.486,12.062,11.789,11.565,11.410,11.389,11.407,11.432,11.451,11.468,11.492,11.527,11.548,11.540,11.542,11.523,11.498,11.474,11.441,11.365,11.357,11.390,11.349,11.232,11.128,11.095,11.048,10.963,10.870,10.814
BAGA,13.151,12.796,12.266,11.849,11.581,11.361,11.208,11.188,11.206,11.230,11.249,11.265,11.289,11.323,11.344,11.336,11.338,11.319,11.295,11.272,11.239,11.164,11.156,11.189,11.148,11.034,10.931,10.899,10.853,10.770,10.678,10.624
BAIN,8.794,8.556,8.202,7.923,7.744,7.597,7.495,7.481,7.493,7.509,7.522,7.533,7.549,7.571,7.586,7.580,7.581,7.569,7.553,7.537,7.515,7.465,7.460,7.481,7.455,7.378,7.309,7.288,7.257,7.201,7.140,7.104
BARKC1,52.966,51.537,49.402,47.723,46.643,45.756,45.143,45.059,45.132,45.229,45.308,45.372,45.469,45.605,45.691,45.658,45.664,45.590,45.494,45.398,45.265,44.965,44.934,45.064,44.901,44.439,44.028,43.899,43.712,43.376,43.007,42.788
BARKW3,74.325,72.319,69.322,66.967,65.451,64.207,63.346,63.229,63.331,63.468,63.578,63.668,63.805,63.995,64.115,64.069,64.078,63.973,63.839,63.705,63.517,63.097,63.053,63.235,63.007,62.358,61.781,61.600,61.339,60.868,60.350,60.041
BEAU_P,10.096,9.824,9.417,9.097,8.891,8.722,8.605,8.589,8.603,8.621,8.636,8.649,8.667,8.693,8.709,8.703,8.704,8.690,8.672,8.653,8.628,8.571,8.565,8.590,8.559,8.471,8.392,8.368,8.332,8.268,8.198,8.156
BEDDT1,47.507,46.225,44.309,42.804,41.835,41.040,40.490,40.414,40.479,40.567,40.637,40.695,40.782,40.904,40.981,40.951,40.957,40.890,40.804,40.719,40.599,40.330,40.302,40.418,40.273,39.858,39.489,39.373,39.206,38.905,38.574,38.377
BEDD_1,203.201,197.717,189.524,183.085,178.940,175.540,173.187,172.865,173.143,173.518,173.818,174.067,174.439,174.959,175.288,175.161,175.187,174.901,174.533,174.167,173.654,172.504,172.385,172.882,172.259,170.485,168.908,168.412,167.698,166.409,164.993,164.150
BERB_P,0.000,0.000,0.000,0.000,0.000,0.000,0.000,0.000,0.000,0.000,0.000,0.000,0.000,0.000,0.000,0.000,0.000,0.000,0.000,0.000,0.000,0.000,0.000,0.000,0.000,0.000,0.000,0.000,0.000,0.000,0.000,0.000
BERW,5.238,5.096,4.885,4.719,4.612,4.525,4.464,4.456,4.463,4.473,4.480,4.487,4.496,4.510,4.518,4.515,4.516,4.508,4.499,4.489,4.476,4.446,4.443,4.456,4.440,4.394,4.354,4.341,4.323,4.289,4.253,4.231
BESW_1,110.502,107.520,103.065,99.563,97.309,95.460,94.180,94.006,94.157,94.360,94.524,94.659,94.861,95.144,95.323,95.254,95.268,95.112,94.912,94.713,94.434,93.809,93.744,94.014,93.676,92.711,91.853,91.584,91.196,90.495,89.725,89.266
BICF_1,73.568,71.583,68.617,66.286,64.785,63.554,62.702,62.585,62.686,62.822,62.931,63.021,63.155,63.343,63.463,63.417,63.426,63.322,63.189,63.057,62.871,62.455,62.412,62.591,62.366,61.724,61.153,60.973,60.715,60.248,59.736,59.430
BIRK_1,106.584,103.708,99.411,96.033,93.859,92.075,90.841,90.673,90.818,91.015,91.172,91.303,91.498,91.771,91.944,91.877,91.890,91.740,91.547,91.355,91.086,90.483,90.421,90.681,90.355,89.424,88.597,88.337,87.962,87.286,86.544,86.101
BISW_1,169.272,164.704,157.879,152.515,149.062,146.230,144.270,144.002,144.234,144.546,144.796,145.003,145.313,145.746,146.020,145.914,145.936,145.698,145.391,145.086,144.659,143.701,143.602,144.016,143.497,142.020,140.705,140.293,139.698,138.624,137.445,136.742
BLYTB1,81.000,78.814,75.548,72.981,71.329,69.974,69.036,68.908,69.018,69.168,69.287,69.387,69.535,69.742,69.873,69.823,69.833,69.719,69.572,69.426,69.222,68.764,68.716,68.914,68.666,67.959,67.330,67.133,66.848,66.334,65.770,65.434
BLYTH132,25.125,24.447,23.434,22.638,22.125,21.705,21.414,21.374,21.409,21.455,21.492,21.523,21.569,21.633,21.674,21.658,21.661,21.626,21.581,21.535,21.472,21.330,21.315,21.376,21.299,21.080,20.885,20.824,20.735,20.576,20.401,20.297
BOAG_P,5.715,5.561,5.330,5.149,5.033,4.937,4.871,4.862,4.870,4.880,4.889,4.896,4.906,4.921,4.930,4.926,4.927,4.919,4.909,4.898,4.884,4.852,4.848,4.862,4.845,4.795,4.750,4.737,4.716,4.680,4.640,4.617
BOLN_1,335.607,326.549,313.018,302.384,295.537,289.922,286.035,285.505,285.964,286.583,287.079,287.489,288.104,288.962,289.507,289.296,289.339,288.866,288.259,287.654,286.808,284.908,284.712,285.532,284.504,281.574,278.968,278.150,276.971,274.842,272.504,271.111
BONN,21.859,21.269,20.388,19.695,19.249,18.883,18.630,18.596,18.626,18.666,18.698,18.725,18.765,18.821,18.856,18.843,18.845,18.815,18.775,18.736,18.681,18.557,18.544,18.598,18.531,18.340,18.170,18.117,18.040,17.901,17.749,17.658
BOTW_1,65.497,63.729,61.088,59.013,57.677,56.581,55.822,55.719,55.808,55.929,56.026,56.106,56.226,56.393,56.500,56.459,56.467,56.375,56.256,56.138,55.973,55.602,55.564,55.724,55.523,54.952,54.443,54.283,54.053,53.638,53.181,52.910
BRAC_P,13.362,13.001,12.463,12.039,11.767,11.543,11.388,11.367,11.386,11.410,11.430,11.446,11.471,11.505,11.527,11.518,11.520,11.501,11.477,11.453,11.419,11.343,11.336,11.368,11.327,11.211,11.107,11.074,11.027,10.943,10.850,10.794
BRAI_1,98.282,95.630,91.667,88.553,86.548,84.904,83.765,83.610,83.745,83.926,84.071,84.191,84.371,84.622,84.782,84.720,84.733,84.594,84.416,84.239,83.992,83.435,83.378,83.618,83.317,82.459,81.696,81.456,81.111,80.487,79.803,79.395
BRAP,9.705,9.443,9.052,8.744,8.546,8.384,8.272,8.256,8.269,8.287,8.302,8.314,8.331,8.356,8.372,8.366,8.367,8.353,8.336,8.318,8.294,8.239,8.233,8.257,8.227,8.142,8.067,8.043,8.009,7.948,7.880,7.840
BRAW_1,152.605,148.486,142.334,137.498,134.385,131.831,130.064,129.823,130.032,130.313,130.539,130.725,131.005,131.395,131.643,131.547,131.566,131.351,131.075,130.800,130.415,129.552,129.462,129.835,129.368,128.036,126.851,126.479,125.942,124.974,123.911,123.278
BRED_1,117.820,114.640,109.890,106.156,103.753,101.781,100.417,100.231,100.392,100.609,100.783,100.927,101.143,101.444,101.636,101.562,101.577,101.411,101.197,100.985,100.688,100.021,99.952,100.240,99.879,98.851,97.936,97.649,97.235,96.487,95.666,95.178
BRFO_1,268.912,261.654,250.812,242.291,236.805,232.306,229.192,228.766,229.134,229.630,230.028,230.357,230.849,231.537,231.973,231.804,231.839,231.460,230.973,230.489,229.810,228.288,228.131,228.788,227.964,225.617,223.529,222.873,221.928,220.223,218.349,217.233
BRID_P,8.419,8.192,7.852,7.586,7.414,7.273,7.175,7.162,7.174,7.189,7.202,7.212,7.227,7.249,7.262,7.257,7.258,7.246,7.231,7.216,7.195,7.147,7.142,7.163,7.137,7.063,6.998,6.978,6.948,6.895,6.836,6.801
BRIM_1,132.878,129.292,123.934,119.724,117.013,114.790,113.251,113.041,113.223,113.467,113.664,113.826,114.070,114.410,114.625,114.542,114.559,114.372,114.131,113.892,113.557,112.805,112.727,113.051,112.644,111.484,110.453,110.129,109.662,108.819,107.893,107.342
BRLE_1,213.364,207.605,199.003,192.242,187.889,184.320,181.849,181.511,181.803,182.196,182.512,182.773,183.164,183.709,184.055,183.921,183.949,183.648,183.262,182.878,182.339,181.132,181.007,181.528,180.875,179.012,177.356,176.835,176.086,174.732,173.246,172.361
BROA_P,3.447,3.354,3.215,3.106,3.035,2.978,2.938,2.932,2.937,2.943,2.948,2.953,2.959,2.968,2.973,2.971,2.972,2.967,2.961,2.954,2.946,2.926,2.924,2.932,2.922,2.892,2.865,2.857,2.845,2.823,2.799,2.784
BROR_P,2.079,2.023,1.939,1.873,1.830,1.796,1.772,1.768,1.771,1.775,1.778,1.781,1.784,1.790,1.793,1.792,1.792,1.789,1.785,1.782,1.776,1.765,1.763,1.768,1.762,1.744,1.728,1.723,1.715,1.702,1.688,1.679
BROX,16.916,16.460,15.778,15.242,14.897,14.614,14.418,14.391,14.414,14.445,14.470,14.491,14.522,14.565,14.593,14.582,14.584,14.560,14.530,14.499,14.457,14.361,14.351,14.392,14.341,14.193,14.062,14.020,13.961,13.854,13.736,13.666
BRWA1,75.773,73.728,70.673,68.272,66.726,65.458,64.581,64.461,64.565,64.704,64.816,64.909,65.048,65.242,65.365,65.317,65.327,65.220,65.083,64.946,64.755,64.326,64.282,64.467,64.235,63.574,62.985,62.801,62.534,62.054,61.526,61.211
BUMU_P,13.475,13.111,12.568,12.141,11.866,11.640,11.484,11.463,11.482,11.506,11.526,11.543,11.567,11.602,11.624,11.615,11.617,11.598,11.574,11.549,11.515,11.439,11.431,11.464,11.423,11.305,11.201,11.168,11.120,11.035,10.941,10.885
BURM_1,151.098,147.020,140.928,136.141,133.058,130.530,128.780,128.541,128.748,129.026,129.250,129.435,129.711,130.098,130.343,130.248,130.268,130.055,129.781,129.509,129.128,128.273,128.184,128.553,128.090,126.771,125.598,125.230,124.699,123.741,122.688,122.061
BUSH_1,68.836,66.978,64.203,62.022,60.618,59.466,58.669,58.560,58.654,58.781,58.883,58.967,59.093,59.269,59.381,59.337,59.346,59.249,59.125,59.001,58.827,58.437,58.397,58.565,58.354,57.754,57.219,57.051,56.809,56.373,55.893,55.608
BUST_1,157.540,153.288,146.937,141.945,138.731,136.095,134.270,134.021,134.237,134.527,134.760,134.953,135.241,135.644,135.900,135.801,135.821,135.599,135.314,135.030,134.633,133.741,133.649,134.034,133.551,132.176,130.953,130.569,130.015,129.016,127.918,127.265
CAAD_P,5.980,5.819,5.578,5.388,5.266,5.166,5.097,5.087,5.095,5.106,5.115,5.123,5.134,5.149,5.159,5.155,5.156,5.147,5.136,5.126,5.110,5.077,5.073,5.088,5.069,5.017,4.971,4.956,4.935,4.897,4.856,4.831
CAFA,0.000,0.000,0.000,0.000,0.000,0.000,0.000,0.000,0.000,0.000,0.000,0.000,0.000,0.000,0.000,0.000,0.000,0.000,0.000,0.000,0.000,0.000,0.000,0.000,0.000,0.000,0.000,0.000,0.000,0.000,0.000,0.000
CAMB_01,13.213,12.857,12.324,11.905,11.636,11.415,11.262,11.241,11.259,11.283,11.303,11.319,11.343,11.377,11.398,11.390,11.392,11.373,11.349,11.325,11.292,11.217,11.210,11.242,11.201,11.086,10.983,10.951,10.905,10.821,10.729,10.674
CANTN1,82.478,80.252,76.927,74.313,72.631,71.251,70.296,70.165,70.278,70.430,70.552,70.653,70.804,71.015,71.149,71.097,71.108,70.991,70.842,70.693,70.485,70.019,69.970,70.172,69.919,69.199,68.559,68.358,68.068,67.545,66.970,66.628
CAPEA1,122.181,118.883,113.957,110.086,107.593,105.549,104.134,103.941,104.108,104.333,104.514,104.663,104.887,105.199,105.398,105.321,105.337,105.165,104.943,104.723,104.415,103.724,103.652,103.951,103.576,102.510,101.561,101.263,100.834,100.059,99.208,98.701
CARE_1,44.629,43.424,41.625,40.211,39.300,38.554,38.037,37.966,38.027,38.109,38.175,38.230,38.312,38.426,38.498,38.470,38.476,38.413,38.332,38.252,38.139,37.887,37.861,37.970,37.833,37.443,37.097,36.988,36.831,36.548,36.237,36.052
CARR_1,125.672,122.280,117.213,113.231,110.667,108.565,107.109,106.911,107.083,107.314,107.500,107.654,107.884,108.205,108.409,108.330,108.347,108.169,107.942,107.715,107.398,106.687,106.614,106.921,106.536,105.439,104.463,104.157,103.715,102.918,102.042,101.521
CASS_P,0.260,0.253,0.242,0.234,0.229,0.224,0.221,0.221,0.221,0.222,0.222,0.222,0.223,0.223,0.224,0.224,0.224,0.223,0.223,0.222,0.222,0.220,0.220,0.221,0.220,0.218,0.216,0.215,0.214,0.213,0.211,0.210
CATY,6.532,6.356,6.093,5.886,5.752,5.643,5.567,5.557,5.566,5.578,5.588,5.596,5.608,5.624,5.635,5.631,5.632,5.622,5.611,5.599,5.582,5.545,5.542,5.558,5.538,5.481,5.430,5.414,5.391,5.349,5.304,5.277
CBNK_H,9.782,9.518,9.124,8.814,8.614,8.450,8.337,8.322,8.335,8.353,8.368,8.379,8.397,8.422,8.438,8.432,8.433,8.420,8.402,8.384,8.360,8.304,8.299,8.322,8.292,8.207,8.131,8.107,8.073,8.011,7.943,7.902
CEAN_P,0.513,0.499,0.479,0.462,0.452,0.443,0.437,0.437,0.437,0.438,0.439,0.440,0.441,0.442,0.443,0.442,0.442,0.442,0.441,0.440,0.439,0.436,0.435,0.437,0.435,0.431,0.427,0.425,0.424,0.420,0.417,0.415
CELL_1,292.951,285.045,273.234,263.951,257.974,253.073,249.680,249.217,249.618,250.158,250.591,250.950,251.486,252.235,252.711,252.527,252.564,252.152,251.621,251.093,250.354,248.697,248.525,249.241,248.343,245.786,243.511,242.797,241.768,239.910,237.869,236.653
CHAP,12.731,12.387,11.874,11.470,6.502,6.379,6.293,6.281,6.292,6.305,6.316,6.325,6.339,6.357,6.370,6.365,6.366,6.356,6.342,6.329,6.310,6.269,6.264,6.282,6.259,6.195,6.138,6.120,6.093,6.047,5.995,5.965
CHAR_P,10.051,9.780,9.374,9.056,8.851,8.683,8.566,8.550,8.564,8.583,8.598,8.610,8.628,8.654,8.670,8.664,8.665,8.651,8.633,8.615,8.589,8.533,8.527,8.551,8.520,8.433,8.355,8.330,8.295,8.231,8.161,8.119
CHAS,6.513,6.337,6.075,5.868,5.735,5.626,5.551,5.541,5.550,5.562,5.571,5.579,5.591,5.608,5.618,5.614,5.615,5.606,5.594,5.582,5.566,5.529,5.525,5.541,5.521,5.464,5.414,5.398,5.375,5.334,5.288,5.261
CHIC_1,33.232,32.335,30.995,29.942,29.264,28.708,28.323,28.271,28.316,28.378,28.427,28.467,28.528,28.613,28.667,28.646,28.651,28.604,28.544,28.484,28.400,28.212,28.192,28.274,28.172,27.882,27.624,27.543,27.426,27.215,26.983,26.846
CHSI_1,112.008,108.985,104.469,100.920,98.634,96.760,95.463,95.286,95.440,95.646,95.812,95.949,96.154,96.440,96.622,96.552,96.566,96.408,96.205,96.004,95.721,95.087,95.022,95.295,94.952,93.974,93.105,92.832,92.438,91.728,90.947,90.482
CHTE_1,201.684,196.241,188.109,181.718,177.604,174.230,171.894,171.575,171.851,172.223,172.521,172.768,173.137,173.653,173.980,173.853,173.879,173.595,173.230,172.867,172.358,171.216,171.099,171.591,170.973,169.213,167.647,167.155,166.446,165.167,163.762,162.925
CITR_1,113.288,110.231,105.663,102.074,99.762,97.867,96.555,96.376,96.531,96.740,96.907,97.046,97.253,97.543,97.727,97.656,97.670,97.511,97.305,97.101,96.816,96.174,96.108,96.385,96.038,95.049,94.169,93.893,93.495,92.777,91.987,91.517
CLAC_P,1.112,1.082,1.037,1.002,0.979,0.960,0.947,0.946,0.947,0.949,0.951,0.952,0.954,0.957,0.959,0.958,0.958,0.957,0.955,0.953,0.950,0.944,0.943,0.946,0.942,0.933,0.924,0.921,0.917,0.910,0.903,0.898
CLAY_P,3.645,3.547,3.400,3.284,3.210,3.149,3.107,3.101,3.106,3.113,3.118,3.122,3.129,3.138,3.144,3.142,3.142,3.137,3.131,3.124,3.115,3.094,3.092,3.101,3.090,3.058,3.030,3.021,3.008,2.985,2.960,2.945
CLT03,12.596,12.256,11.748,11.349,11.092,10.881,10.735,10.715,10.732,10.756,10.774,10.790,10.813,10.845,10.865,10.858,10.859,10.841,10.819,10.796,10.764,10.693,10.686,10.716,10.678,10.568,10.470,10.439,10.395,10.315,10.227,10.175
CLYM,21.656,21.072,20.198,19.512,19.070,18.708,18.457,18.423,18.453,18.493,18.525,18.551,18.591,18.646,18.681,18.668,18.670,18.640,18.601,18.562,18.507,18.385,18.372,18.425,18.358,18.169,18.001,17.948,17.872,17.735,17.584,17.494
COAT,18.285,17.792,17.054,16.475,16.102,15.796,15.584,15.555,15.580,15.614,15.641,15.664,15.697,15.744,15.773,15.762,15.764,15.739,15.705,15.673,15.626,15.523,15.512,15.557,15.501,15.341,15.199,15.155,15.090,14.974,14.847,14.771
COCK,15.094,14.687,14.078,13.600,13.292,13.040,12.865,12.841,12.862,12.889,12.912,12.930,12.958,12.997,13.021,13.012,13.013,12.992,12.965,12.938,12.900,12.814,12.805,12.842,12.796,12.664,12.547,12.510,12.457,12.361,12.256,12.194
CONQA1,104.378,101.561,97.353,94.046,91.916,90.170,88.961,88.796,88.939,89.131,89.285,89.413,89.604,89.871,90.041,89.975,89.988,89.841,89.652,89.464,89.201,88.610,88.549,88.804,88.484,87.573,86.763,86.508,86.142,85.480,84.752,84.319
COUA_P,7.972,7.757,7.436,7.183,7.020,6.887,6.795,6.782,6.793,6.808,6.820,6.829,6.844,6.864,6.877,6.872,6.873,6.862,6.848,6.833,6.813,6.768,6.763,6.783,6.758,6.689,6.627,6.607,6.579,6.529,6.473,6.440
COVE_1,199.419,194.037,185.997,179.678,175.610,172.273,169.964,169.649,169.921,170.289,170.584,170.828,171.193,171.703,172.026,171.901,171.927,171.646,171.285,170.926,170.423,169.294,169.177,169.665,169.054,167.313,165.764,165.278,164.578,163.313,161.923,161.096
COWL_1,191.846,186.669,178.934,172.855,168.941,165.731,163.509,163.206,163.469,163.822,164.106,164.341,164.692,165.182,165.494,165.373,165.398,165.128,164.780,164.435,163.951,162.865,162.753,163.222,162.634,160.959,159.469,159.002,158.328,157.111,155.774,154.978
COYL,12.134,11.807,11.318,10.933,10.686,10.483,10.342,10.323,10.339,10.362,10.380,10.395,10.417,10.448,10.468,10.460,10.461,10.444,10.422,10.401,10.370,10.301,10.294,10.324,10.287,10.181,10.086,10.057,10.014,9.937,9.853,9.802
CRAI_P,10.685,10.397,9.966,9.627,9.409,9.231,9.107,9.090,9.104,9.124,9.140,9.153,9.173,9.200,9.217,9.211,9.212,9.197,9.178,9.158,9.131,9.071,9.065,9.091,9.058,8.965,8.882,8.856,8.818,8.750,8.676,8.632
CREB_1,180.580,175.706,168.425,162.703,159.019,155.998,153.907,153.621,153.868,154.201,154.468,154.689,155.020,155.481,155.775,155.661,155.685,155.430,155.103,154.778,154.322,153.300,153.195,153.636,153.083,151.506,150.104,149.664,149.029,147.884,146.626,145.877
CUMB,11.875,11.555,11.076,10.699,10.457,10.259,10.121,10.102,10.118,10.140,10.158,10.172,10.194,10.225,10.244,10.236,10.238,10.221,10.200,10.178,10.148,10.081,10.074,10.103,10.067,9.963,9.871,9.842,9.800,9.725,9.642,9.593
CUPA,14.626,14.231,13.642,13.178,12.880,12.635,12.466,12.442,12.462,12.489,12.511,12.529,12.556,12.593,12.617,12.608,12.610,12.589,12.562,12.536,12.499,12.416,12.408,12.444,12.399,12.271,12.158,12.122,12.071,11.978,11.876,11.815
CURR,5.001,4.866,4.664,4.506,4.404,4.320,4.262,4.254,4.261,4.270,4.278,4.284,4.293,4.306,4.314,4.311,4.311,4.304,4.295,4.286,4.274,4.245,4.242,4.255,4.239,4.196,4.157,4.145,4.127,4.095,4.061,4.040
DALL_P,0.000,0.000,0.000,0.000,0.000,0.000,0.000,0.000,0.000,0.000,0.000,0.000,0.000,0.000,0.000,0.000,0.000,0.000,0.000,0.000,0.000,0.000,0.000,0.000,0.000,0.000,0.000,0.000,0.000,0.000,0.000,0.000
DALM3,9.381,9.128,8.750,8.453,8.261,8.104,7.996,7.981,7.994,8.011,8.025,8.036,8.054,8.078,8.093,8.087,8.088,8.075,8.058,8.041,8.017,7.964,7.959,7.982,7.953,7.871,7.798,7.775,7.742,7.683,7.617,7.579
DEVM,5.834,5.677,5.442,5.257,5.138,5.040,4.972,4.963,4.971,4.982,4.991,4.998,5.008,5.023,5.033,5.029,5.030,5.022,5.011,5.001,4.986,4.953,4.949,4.964,4.946,4.895,4.850,4.835,4.815,4.778,4.737,4.713
DEVO,20.770,20.210,19.372,18.714,18.290,17.943,17.702,17.669,17.698,17.736,17.767,17.792,17.830,17.883,17.917,17.904,17.907,17.877,17.840,17.802,17.750,17.632,17.620,17.671,17.607,17.426,17.265,17.214,17.141,17.009,16.865,16.779
DEWP,10.640,10.353,9.924,9.587,9.370,9.192,9.068,9.052,9.066,9.086,9.101,9.114,9.134,9.161,9.178,9.172,9.173,9.158,9.139,9.120,9.093,9.033,9.026,9.052,9.020,8.927,8.844,8.818,8.781,8.713,8.639,8.595
DOUN_P,2.371,2.307,2.211,2.136,2.087,2.048,2.020,2.017,2.020,2.024,2.028,2.031,2.035,2.041,2.045,2.043,2.044,2.040,2.036,2.032,2.026,2.012,2.011,2.017,2.010,1.989,1.970,1.965,1.956,1.941,1.925,1.915
DRAK_1,76.496,74.432,71.348,68.924,67.363,66.083,65.197,65.077,65.181,65.322,65.435,65.529,65.669,65.865,65.989,65.941,65.951,65.843,65.704,65.566,65.373,64.941,64.896,65.083,64.848,64.181,63.587,63.400,63.131,62.646,62.113,61.796
DRAX_1,46.852,45.588,43.699,42.214,41.258,40.475,39.932,39.858,39.922,40.008,40.078,40.135,40.221,40.341,40.417,40.387,40.393,40.327,40.242,40.158,40.040,39.775,39.747,39.862,39.718,39.309,38.945,38.831,38.667,38.369,38.043,37.849
DRCR,6.422,6.249,5.990,5.786,5.655,5.548,5.473,5.463,5.472,5.484,5.493,5.501,5.513,5.529,5.540,5.536,5.537,5.528,5.516,5.504,5.488,5.452,5.448,5.464,5.444,5.388,5.338,5.323,5.300,5.259,5.215,5.188
DRUM,32.466,31.590,30.281,29.253,28.590,28.047,27.671,27.620,27.664,27.724,27.772,27.812,27.871,27.954,28.007,27.986,27.991,27.945,27.886,27.828,27.746,27.562,27.543,27.622,27.523,27.239,26.987,26.908,26.794,26.588,26.362,26.227
DUBE_P,0.001,0.001,0.001,0.001,0.001,0.001,0.001,0.001,0.001,0.001,0.001,0.001,0.001,0.001,0.001,0.001,0.001,0.001,0.001,0.001,0.001,0.001,0.001,0.001,0.001,0.001,0.001,0.001,0.001,0.001,0.001,0.001
DUDH_P,9.318,9.067,8.691,8.396,8.206,8.050,7.942,7.927,7.940,7.957,7.971,7.982,7.999,8.023,8.038,8.032,8.034,8.021,8.004,7.987,7.963,7.911,7.905,7.928,7.899,7.818,7.746,7.723,7.690,7.631,7.566,7.528
DUGR_P,1.863,1.812,1.737,1.678,1.640,1.609,1.588,1.585,1.587,1.591,1.593,1.596,1.599,1.604,1.607,1.606,1.606,1.603,1.600,1.596,1.592,1.581,1.580,1.585,1.579,1.563,1.548,1.544,1.537,1.525,1.512,1.505
DUNB,6.840,0.000,0.000,0.000,0.000,0.000,0.000,0.000,0.000,0.000,0.000,0.000,0.000,0.000,0.000,0.000,0.000,0.000,0.000,0.000,0.000,0.000,0.000,0.000,0.000,0.000,0.000,0.000,0.000,0.000,0.000,0.000
DUNB_A,0.000,4.726,4.530,4.376,4.277,4.195,4.139,4.131,4.139,4.147,4.154,4.161,4.169,4.182,4.190,4.187,4.187,4.180,4.171,4.163,4.151,4.123,4.120,4.132,4.117,4.075,4.037,4.025,4.008,3.977,3.943,3.923
DUNB_B,0.000,1.930,1.850,1.787,1.747,1.714,1.691,1.688,1.690,1.694,1.697,1.699,1.703,1.708,1.711,1.710,1.710,1.708,1.704,1.700,1.695,1.684,1.683,1.688,1.682,1.664,1.649,1.644,1.637,1.625,1.611,1.603
DUNF,14.718,14.321,13.728,13.261,12.961,12.715,12.544,12.521,12.541,12.568,12.590,12.608,12.635,12.673,12.697,12.687,12.689,12.669,12.642,12.615,12.578,12.495,12.486,12.522,12.477,12.349,12.235,12.199,12.147,12.054,11.951,11.890
DUNO_P,3.402,3.311,3.173,3.066,2.996,2.939,2.900,2.894,2.899,2.905,2.910,2.915,2.921,2.930,2.935,2.933,2.933,2.929,2.922,2.916,2.908,2.888,2.886,2.895,2.884,2.855,2.828,2.820,2.808,2.786,2.763,2.749
DYCE_P,9.793,9.529,9.134,8.824,8.624,8.460,8.347,8.331,8.345,8.363,8.377,8.389,8.407,8.432,8.448,8.442,8.443,8.429,8.412,8.394,8.369,8.314,8.308,8.332,8.302,8.216,8.140,8.117,8.082,8.020,7.952,7.911
EALI_6,69.191,67.324,64.534,62.342,60.930,59.773,58.971,58.862,58.957,59.084,59.186,59.271,59.398,59.575,59.687,59.643,59.652,59.555,59.430,59.305,59.130,58.739,58.698,58.867,58.655,58.051,57.514,57.346,57.102,56.664,56.181,55.894
EASO_1,111.834,108.816,104.307,100.763,98.482,96.611,95.316,95.139,95.292,95.498,95.663,95.800,96.005,96.291,96.472,96.402,96.416,96.259,96.056,95.855,95.573,94.940,94.875,95.148,94.805,93.829,92.961,92.688,92.295,91.586,90.806,90.342
EAST,0.000,0.000,0.000,0.000,0.000,0.000,0.000,0.000,0.000,0.000,0.000,0.000,0.000,0.000,0.000,0.000,0.000,0.000,0.000,0.000,0.000,0.000,0.000,0.000,0.000,0.000,0.000,0.000,0.000,0.000,0.000,0.000
ECCL,8.545,8.314,7.970,7.699,7.525,7.382,7.283,7.269,7.281,7.297,7.309,7.320,7.335,7.357,7.371,7.366,7.367,7.355,7.339,7.324,7.302,7.254,7.249,7.270,7.244,7.169,7.103,7.082,7.052,6.998,6.938,6.903
ECLA_1,155.103,150.917,144.664,139.749,136.585,133.990,132.194,131.948,132.161,132.447,132.676,132.866,133.150,133.546,133.798,133.701,133.721,133.502,133.221,132.942,132.550,131.673,131.582,131.961,131.486,130.132,128.927,128.549,128.004,127.021,125.940,125.296
EERH,26.391,25.679,24.615,23.778,23.240,22.798,22.493,22.451,22.487,22.536,22.575,22.607,22.656,22.723,22.766,22.749,22.753,22.715,22.668,22.620,22.554,22.404,22.389,22.453,22.372,22.142,21.937,21.873,21.780,21.613,21.429,21.319
EKIL,16.848,16.394,15.714,15.180,14.837,14.555,14.360,14.333,14.356,14.387,14.412,14.433,14.464,14.507,14.534,14.523,14.526,14.502,14.471,14.441,14.399,14.303,14.293,14.334,14.283,14.136,14.005,13.964,13.905,13.798,13.680,13.611
EKIS,16.289,15.850,15.193,14.677,14.344,14.072,13.883,13.857,13.880,13.910,13.934,13.954,13.984,14.025,14.052,14.041,14.044,14.021,13.991,13.962,13.921,13.828,13.819,13.859,13.809,13.667,13.540,13.500,13.443,13.340,13.226,13.159
ELDE,15.834,15.406,14.768,14.266,13.943,13.678,13.495,13.470,13.492,13.521,13.544,13.564,13.593,13.633,13.659,13.649,13.651,13.629,13.600,13.571,13.531,13.442,13.433,13.471,13.423,13.285,13.162,13.123,13.067,12.967,12.857,12.791
ELGI_P,15.456,15.039,14.416,13.926,13.610,13.352,13.173,13.148,13.170,13.198,13.221,13.240,13.268,13.308,13.333,13.323,13.325,13.303,13.275,13.247,13.208,13.121,13.112,13.150,13.102,12.967,12.847,12.810,12.755,12.657,12.550,12.486
ELLA_1,129.830,126.326,121.092,116.978,114.329,112.157,110.654,110.448,110.626,110.865,111.057,111.216,111.454,111.786,111.996,111.915,111.932,111.749,111.514,111.280,110.952,110.218,110.142,110.459,110.061,108.928,107.920,107.603,107.147,106.323,105.419,104.880
ELST_1,181.127,176.239,168.936,163.196,159.501,156.471,154.373,154.087,154.335,154.669,154.936,155.158,155.490,155.953,156.247,156.133,156.156,155.901,155.573,155.247,154.790,153.765,153.659,154.101,153.546,151.965,150.559,150.118,149.481,148.332,147.070,146.319
ENDE_1,165.346,160.884,154.217,148.978,145.605,142.838,140.924,140.662,140.888,141.193,141.438,141.640,141.943,142.365,142.634,142.530,142.551,142.318,142.019,141.721,141.304,140.368,140.272,140.675,140.169,138.726,137.442,137.039,136.458,135.409,134.257,133.571
ERSK,8.804,8.567,8.212,7.933,7.753,7.606,7.504,7.490,7.502,7.518,7.531,7.542,7.558,7.581,7.595,7.590,7.591,7.578,7.562,7.546,7.524,7.474,7.469,7.491,7.464,7.387,7.319,7.297,7.266,7.210,7.149,7.112
EXET1,119.208,115.991,111.185,107.408,104.976,102.981,101.601,101.412,101.575,101.795,101.971,102.117,102.335,102.640,102.834,102.759,102.774,102.606,102.390,102.175,101.875,101.200,101.130,101.422,101.056,100.016,99.090,98.800,98.381,97.625,96.794,96.299
FASN_P,0.248,0.241,0.231,0.223,0.218,0.214,0.211,0.211,0.211,0.212,0.212,0.212,0.213,0.214,0.214,0.214,0.214,0.214,0.213,0.213,0.212,0.211,0.210,0.211,0.210,0.208,0.206,0.206,0.205,0.203,0.201,0.200
FAUG_P,1.179,1.147,1.100,1.062,1.038,1.018,1.005,1.003,1.005,1.007,1.008,1.010,1.012,1.015,1.017,1.016,1.016,1.015,1.013,1.010,1.008,1.001,1.000,1.003,0.999,0.989,0.980,0.977,0.973,0.965,0.957,0.952
FAWL_1,115.310,112.198,107.549,103.895,101.543,99.614,98.278,98.096,98.254,98.466,98.637,98.778,98.989,99.284,99.471,99.399,99.413,99.251,99.042,98.834,98.544,97.891,97.824,98.105,97.752,96.745,95.850,95.569,95.164,94.432,93.629,93.151
FECK_6,129.011,125.530,120.328,116.240,113.608,111.450,109.956,109.752,109.928,110.166,110.357,110.514,110.751,111.081,111.290,111.209,111.226,111.044,110.810,110.578,110.252,109.522,109.447,109.762,109.367,108.241,107.239,106.924,106.471,105.653,104.754,104.219
FERRA2,43.688,42.509,40.747,39.363,38.471,37.741,37.235,37.166,37.225,37.306,37.370,37.424,37.504,37.616,37.686,37.659,37.665,37.603,37.524,37.445,37.335,37.088,37.062,37.169,37.035,36.654,36.315,36.208,36.055,35.778,35.473,35.292
FERRB1,126.811,123.389,118.276,114.257,111.670,109.549,108.080,107.880,108.053,108.287,108.474,108.629,108.862,109.186,109.392,109.312,109.328,109.150,108.920,108.692,108.372,107.654,107.580,107.890,107.501,106.394,105.410,105.101,104.655,103.851,102.967,102.441
FETT_P,0.000,0.000,0.000,0.000,0.000,0.000,0.000,0.000,0.000,0.000,0.000,0.000,0.000,0.000,0.000,0.000,0.000,0.000,0.000,0.000,0.000,0.000,0.000,0.000,0.000,0.000,0.000,0.000,0.000,0.000,0.000,0.000
FIDD_P,4.957,4.824,4.624,4.467,4.365,4.283,4.225,4.217,4.224,4.233,4.241,4.247,4.256,4.268,4.276,4.273,4.274,4.267,4.258,4.249,4.237,4.208,4.206,4.218,4.203,4.159,4.121,4.109,4.091,4.060,4.025,4.005
FIDF_1,114.982,111.879,107.243,103.600,101.254,99.330,97.999,97.817,97.974,98.186,98.356,98.497,98.708,99.001,99.188,99.116,99.131,98.969,98.760,98.553,98.263,97.613,97.545,97.826,97.474,96.470,95.577,95.297,94.893,94.164,93.363,92.886
FINN,5.360,5.215,4.999,4.829,4.720,4.630,4.568,4.559,4.567,4.577,4.585,4.591,4.601,4.615,4.623,4.620,4.621,4.613,4.603,4.594,4.580,4.550,4.547,4.560,4.543,4.497,4.455,4.442,4.423,4.389,4.352,4.330
FLEE_1,308.658,300.328,287.884,278.103,271.806,266.642,263.067,262.580,263.002,263.571,264.027,264.405,264.970,265.759,266.260,266.066,266.106,265.671,265.112,264.556,263.778,262.031,261.850,262.604,261.659,258.965,256.568,255.815,254.731,252.773,250.622,249.342
FOUR_1,9.027,8.784,8.420,8.134,7.950,7.799,7.694,7.680,7.692,7.709,7.722,7.733,7.750,7.773,7.787,7.782,7.783,7.770,7.754,7.738,7.715,7.664,7.658,7.680,7.653,7.574,7.504,7.482,7.450,7.393,7.330,7.293
FRAS_P,5.633,5.481,5.254,5.075,4.960,4.866,4.801,4.792,4.800,4.810,4.818,4.825,4.836,4.850,4.859,4.856,4.856,4.848,4.838,4.828,4.814,4.782,4.779,4.792,4.775,4.726,4.682,4.668,4.649,4.613,4.574,4.550
FROD_1,126.950,123.524,118.405,114.383,111.793,109.669,108.199,107.998,108.172,108.406,108.593,108.749,108.981,109.306,109.512,109.432,109.448,109.269,109.040,108.811,108.491,107.772,107.698,108.008,107.619,106.511,105.525,105.216,104.770,103.965,103.080,102.553
FWIL_P,7.584,7.379,7.073,6.833,6.678,6.551,6.463,6.451,6.462,6.476,6.487,6.496,6.510,6.530,6.542,6.537,6.538,6.527,6.514,6.500,6.481,6.438,6.434,6.452,6.429,6.363,6.304,6.285,6.259,6.211,6.158,6.126
GALA,9.342,9.089,8.713,8.417,8.226,8.070,7.962,7.947,7.960,7.977,7.991,8.002,8.019,8.043,8.058,8.053,8.054,8.041,8.024,8.007,7.983,7.930,7.925,7.948,7.919,7.838,7.765,7.742,7.709,7.650,7.585,7.546
GIFF,27.343,26.606,25.503,24.637,24.079,23.621,23.305,23.261,23.299,23.349,23.390,23.423,23.473,23.543,23.587,23.570,23.574,23.535,23.486,23.437,23.368,23.213,23.197,23.264,23.180,22.941,22.729,22.662,22.566,22.393,22.202,22.089
GLEF_P,0.000,0.000,0.000,0.000,0.000,0.000,0.000,0.000,0.000,0.000,0.000,0.000,0.000,0.000,0.000,0.000,0.000,0.000,0.000,0.000,0.000,0.000,0.000,0.000,0.000,0.000,0.000,0.000,0.000,0.000,0.000,0.000
GLLE,0.000,0.000,0.000,0.000,0.000,0.000,0.000,0.000,0.000,0.000,0.000,0.000,0.000,0.000,0.000,0.000,0.000,0.000,0.000,0.000,0.000,0.000,0.000,0.000,0.000,0.000,0.000,0.000,0.000,0.000,0.000,0.000
GLLU,4.743,4.615,4.423,4.273,4.176,4.097,4.042,4.035,4.041,4.050,4.057,4.063,4.071,4.083,4.091,4.088,4.089,4.082,4.074,4.065,4.053,4.026,4.023,4.035,4.020,3.979,3.942,3.931,3.914,3.884,3.851,3.831
GLNI,8.524,8.294,7.951,7.680,7.507,7.364,7.265,7.252,7.263,7.279,7.292,7.302,7.318,7.340,7.353,7.348,7.349,7.337,7.322,7.306,7.285,7.237,7.232,7.252,7.226,7.152,7.086,7.065,7.035,6.981,6.922,6.886
GLRO,12.815,12.469,11.953,11.547,11.285,11.071,10.922,10.902,10.920,10.943,10.962,10.978,11.001,11.034,11.055,11.047,11.048,11.030,11.007,10.984,10.952,10.879,10.872,10.903,10.864,10.752,10.652,10.621,10.576,10.495,10.406,10.352
GORG,10.771,10.481,10.046,9.705,9.485,9.305,9.180,9.163,9.178,9.198,9.214,9.227,9.247,9.274,9.292,9.285,9.286,9.271,9.252,9.232,9.205,9.144,9.138,9.164,9.131,9.037,8.954,8.927,8.889,8.821,8.746,8.701
GOVA,9.909,9.641,9.242,8.928,8.725,8.560,8.445,8.429,8.443,8.461,8.476,8.488,8.506,8.531,8.547,8.541,8.543,8.529,8.511,8.493,8.468,8.412,8.406,8.430,8.400,8.313,8.236,8.212,8.177,8.114,8.045,8.004
GREE_H,12.398,12.063,11.563,11.170,10.917,10.710,10.566,10.547,10.564,10.587,10.605,10.620,10.643,10.675,10.695,10.687,10.688,10.671,10.649,10.626,10.595,10.525,10.518,10.548,10.510,10.402,10.305,10.275,10.232,10.153,10.067,10.015
GREN_1,299.854,291.762,279.672,270.171,264.053,259.037,255.564,255.090,255.500,256.053,256.496,256.863,257.412,258.179,258.665,258.477,258.516,258.093,257.550,257.010,256.254,254.557,254.382,255.114,254.195,251.578,249.250,248.519,247.465,245.563,243.474,242.230
GRIW_1,102.963,100.185,96.033,92.771,90.670,88.947,87.755,87.592,87.733,87.923,88.075,88.201,88.390,88.653,88.820,88.755,88.769,88.623,88.437,88.252,87.992,87.409,87.349,87.600,87.285,86.386,85.587,85.336,84.974,84.321,83.603,83.176
GRUB_P,0.679,0.661,0.633,0.612,0.598,0.586,0.579,0.578,0.578,0.580,0.581,0.582,0.583,0.585,0.586,0.585,0.585,0.584,0.583,0.582,0.580,0.576,0.576,0.578,0.576,0.570,0.564,0.563,0.560,0.556,0.551,0.548
G_EXTRA_1,0.000,0.000,0.000,0.000,0.000,0.000,0.000,0.000,0.000,0.000,0.000,0.000,0.000,0.000,0.000,0.000,0.000,0.000,0.000,0.000,0.000,0.000,0.000,0.000,0.000,0.000,0.000,0.000,0.000,0.000,0.000,0.000
G_EXTRA_10,17.609,17.134,16.424,15.866,15.506,15.212,15.008,14.980,15.004,15.037,15.063,15.084,15.116,15.161,15.190,15.179,15.181,15.156,15.124,15.093,15.048,14.949,14.938,14.981,14.927,14.774,14.637,14.594,14.532,14.421,14.298,14.225
G_EXTRA_11,12.615,12.274,11.766,11.366,11.109,10.897,10.751,10.731,10.749,10.772,10.791,10.806,10.829,10.861,10.882,10.874,10.876,10.858,10.835,10.812,10.780,10.709,10.702,10.732,10.694,10.584,10.486,10.455,10.411,10.331,10.243,10.190
G_EXTRA_13,0.000,0.000,4.231,4.087,3.994,3.918,3.866,3.859,3.865,3.873,3.880,3.886,3.894,3.906,3.913,3.910,3.911,3.904,3.896,3.888,3.876,3.851,3.848,3.859,3.845,3.806,3.770,3.759,3.743,3.715,3.683,3.664
G_EXTRA_14,0.000,0.000,0.000,0.000,0.000,0.000,0.000,0.000,0.000,0.000,0.000,0.000,0.000,0.000,0.000,0.000,0.000,0.000,0.000,0.000,0.000,0.000,0.000,0.000,0.000,0.000,0.000,0.000,0.000,0.000,0.000,0.000
G_EXTRA_15,0.000,0.000,0.000,0.000,0.000,0.000,2.260,2.256,2.260,2.264,2.268,2.271,2.276,2.283,2.287,2.286,2.286,2.282,2.278,2.273,2.266,2.251,2.250,2.256,2.248,2.225,2.204,2.198,2.188,2.172,2.153,2.142
G_EXTRA_16,0.000,0.000,0.000,0.000,4.709,4.619,4.557,4.549,4.556,4.566,4.574,4.580,4.590,4.604,4.612,4.609,4.610,4.602,4.593,4.583,4.570,4.539,4.536,4.549,4.533,4.486,4.444,4.431,4.413,4.379,4.342,4.319
G_EXTRA_2,18.906,18.395,17.633,17.034,16.648,16.332,16.113,16.083,16.109,16.144,16.172,16.195,16.230,16.278,16.309,16.297,16.299,16.273,16.238,16.204,16.157,16.050,16.039,16.085,16.027,15.862,15.715,15.669,15.602,15.483,15.351,15.272
G_EXTRA_3,3.227,3.140,3.010,2.907,2.842,2.788,2.750,2.745,2.750,2.756,2.760,2.764,2.770,2.778,2.784,2.782,2.782,2.778,2.772,2.766,2.758,2.739,2.738,2.745,2.736,2.707,2.682,2.674,2.663,2.643,2.620,2.607
G_EXTRA_4,13.936,13.560,12.998,12.556,12.272,12.039,11.877,11.855,11.874,11.900,11.921,11.938,11.963,11.999,12.021,12.013,12.014,11.995,11.970,11.944,11.909,11.830,11.822,11.856,11.814,11.692,11.584,11.550,11.501,11.412,11.315,11.258
G_EXTRA_5,10.068,9.796,9.391,9.071,8.866,8.698,8.581,8.565,8.579,8.597,8.612,8.625,8.643,8.669,8.685,8.679,8.680,8.666,8.648,8.630,8.604,8.547,8.541,8.566,8.535,8.447,8.369,8.344,8.309,8.245,8.175,8.133
G_EXTRA_6,3.698,3.598,3.449,3.332,3.257,3.195,3.152,3.146,3.151,3.158,3.163,3.168,3.175,3.184,3.190,3.188,3.188,3.183,3.176,3.170,3.160,3.139,3.137,3.146,3.135,3.103,3.074,3.065,3.052,3.029,3.003,2.987
G_EXTRA_7,8.839,8.600,8.244,7.964,7.783,7.636,7.533,7.519,7.531,7.548,7.561,7.571,7.588,7.610,7.625,7.619,7.620,7.608,7.592,7.576,7.553,7.503,7.498,7.520,7.493,7.416,7.347,7.325,7.294,7.238,7.177,7.140
G_EXTRA_8,7.595,7.390,7.084,6.843,6.688,6.561,6.473,6.461,6.471,6.485,6.497,6.506,6.520,6.539,6.552,6.547,6.548,6.537,6.523,6.510,6.490,6.447,6.443,6.462,6.438,6.372,6.313,6.295,6.268,6.220,6.167,6.135
G_EXTRA_9,13.493,13.129,12.585,12.157,11.882,11.656,11.500,11.479,11.497,11.522,11.542,11.558,11.583,11.617,11.639,11.631,11.633,11.614,11.589,11.565,11.531,11.455,11.447,11.480,11.438,11.320,11.216,11.183,11.135,11.050,10.956,10.900
HACK_1,48.450,47.143,45.189,43.654,42.666,41.855,41.294,41.217,41.284,41.373,41.445,41.504,41.593,41.716,41.795,41.765,41.771,41.703,41.615,41.528,41.405,41.131,41.103,41.221,41.073,40.650,40.274,40.156,39.985,39.678,39.340,39.139
HACK_6,58.777,57.191,54.821,52.959,51.759,50.776,50.095,50.002,50.083,50.191,50.278,50.350,50.458,50.608,50.703,50.666,50.674,50.591,50.485,50.379,50.231,49.898,49.864,50.007,49.827,49.314,48.858,48.714,48.508,48.135,47.725,47.482
HAGR,13.818,13.446,12.888,12.451,12.169,11.937,11.777,11.756,11.774,11.800,11.820,11.837,11.863,11.898,11.920,11.912,11.913,11.894,11.869,11.844,11.809,11.731,11.723,11.757,11.714,11.594,11.486,11.453,11.404,11.317,11.220,11.163
HAMHC1,166.109,161.626,154.928,149.665,146.276,143.497,141.573,141.311,141.538,141.844,142.090,142.293,142.597,143.022,143.291,143.187,143.209,142.974,142.674,142.374,141.955,141.015,140.918,141.324,140.815,139.365,138.075,137.671,137.087,136.033,134.876,134.187
HARK_1,125.255,121.875,116.825,112.856,110.300,108.205,106.754,106.556,106.728,106.958,107.144,107.297,107.526,107.847,108.050,107.971,107.987,107.811,107.584,107.358,107.042,106.334,106.260,106.566,106.183,105.089,104.117,103.811,103.371,102.577,101.704,101.184
HARM_6,41.416,40.298,38.628,37.316,36.471,35.778,35.298,35.233,35.289,35.366,35.427,35.478,35.553,35.659,35.727,35.701,35.706,35.648,35.573,35.498,35.394,35.159,35.135,35.236,35.109,34.748,34.426,34.325,34.180,33.917,33.628,33.457
HAWI,7.783,7.573,7.259,7.013,6.854,6.724,6.634,6.621,6.632,6.646,6.658,6.667,6.682,6.701,6.714,6.709,6.710,6.699,6.685,6.671,6.652,6.607,6.603,6.622,6.598,6.530,6.470,6.451,6.423,6.374,6.320,6.288
HAWP_6,56.510,54.985,52.706,50.916,49.763,48.817,48.163,48.073,48.151,48.255,48.338,48.408,48.511,48.656,48.747,48.712,48.719,48.639,48.537,48.435,48.293,47.973,47.940,48.078,47.905,47.412,46.973,46.835,46.636,46.278,45.884,45.650
HELE,8.715,8.480,8.129,7.852,7.675,7.529,7.428,7.414,7.426,7.442,7.455,7.466,7.482,7.504,7.518,7.513,7.514,7.501,7.486,7.470,7.448,7.399,7.393,7.415,7.388,7.312,7.244,7.223,7.192,7.137,7.076,7.040
HEYS1,1.115,1.085,1.040,1.005,0.982,0.963,0.950,0.949,0.950,0.952,0.954,0.955,0.957,0.960,0.962,0.961,0.961,0.960,0.958,0.956,0.953,0.947,0.946,0.949,0.945,0.935,0.927,0.924,0.920,0.913,0.905,0.901
HEYS_1,35.625,34.664,33.228,32.099,31.372,30.776,30.363,30.307,30.356,30.421,30.474,30.518,30.583,30.674,30.732,30.709,30.714,30.664,30.599,30.535,30.445,30.244,30.223,30.310,30.201,29.890,29.613,29.526,29.401,29.175,28.927,28.779
HUER,1.681,1.636,1.568,1.515,1.480,1.452,1.433,1.430,1.432,1.435,1.438,1.440,1.443,1.447,1.450,1.449,1.449,1.447,1.444,1.441,1.437,1.427,1.426,1.430,1.425,1.410,1.397,1.393,1.387,1.377,1.365,1.358
HURS_1,127.749,124.302,119.151,115.103,112.497,110.359,108.880,108.678,108.853,109.088,109.277,109.433,109.667,109.994,110.201,110.121,110.138,109.958,109.726,109.496,109.174,108.451,108.376,108.688,108.297,107.182,106.190,105.878,105.430,104.619,103.729,103.199
HUTT_1,61.800,60.132,57.641,55.682,54.422,53.388,52.672,52.574,52.659,52.773,52.864,52.940,53.053,53.211,53.311,53.272,53.280,53.193,53.081,52.970,52.814,52.464,52.428,52.579,52.390,51.850,51.371,51.220,51.003,50.611,50.180,49.924
IMPK_1,4.021,3.912,3.750,3.623,3.541,3.474,3.427,3.421,3.426,3.434,3.440,3.444,3.452,3.462,3.469,3.466,3.467,3.461,3.454,3.446,3.436,3.414,3.411,3.421,3.409,3.374,3.342,3.333,3.318,3.293,3.265,3.248
INDQ1,175.879,171.132,164.041,158.468,154.880,151.937,149.900,149.622,149.863,150.187,150.447,150.662,150.984,151.434,151.719,151.609,151.632,151.384,151.065,150.749,150.305,149.310,149.207,149.636,149.098,147.562,146.197,145.768,145.150,144.034,142.809,142.079
INKE,20.845,20.283,19.442,18.782,18.356,18.008,17.766,17.733,17.762,17.800,17.831,17.856,17.895,17.948,17.982,17.969,17.971,17.942,17.904,17.867,17.814,17.696,17.684,17.735,17.671,17.489,17.327,17.276,17.203,17.071,16.926,16.839
INNE_P,28.521,27.752,26.602,25.698,25.116,24.639,24.309,24.263,24.302,24.355,24.397,24.432,24.484,24.557,24.604,24.586,24.589,24.549,24.497,24.446,24.374,24.213,24.196,24.266,24.178,23.929,23.708,23.638,23.538,23.357,23.159,23.040
IROA1,243.968,237.384,227.548,219.817,214.840,210.758,207.933,207.547,207.881,208.331,208.691,208.990,209.436,210.060,210.456,210.303,210.334,209.991,209.549,209.109,208.494,207.113,206.971,207.567,206.819,204.690,202.795,202.201,201.343,199.796,198.096,197.084
IRONB1,85.630,83.319,79.867,77.154,75.407,73.974,72.982,72.847,72.964,73.122,73.249,73.353,73.510,73.729,73.868,73.814,73.825,73.705,73.550,73.395,73.179,72.695,72.645,72.854,72.591,71.844,71.179,70.970,70.669,70.126,69.530,69.174
ISLI_1,0.000,0.000,0.000,100.787,98.505,96.634,95.338,95.161,95.314,95.520,95.686,95.823,96.028,96.313,96.495,96.425,96.439,96.282,96.079,95.877,95.595,94.962,94.897,95.170,94.827,93.851,92.983,92.710,92.317,91.607,90.828,90.364
IVER_1,169.161,164.596,157.775,152.415,148.964,146.134,144.175,143.907,144.139,144.451,144.701,144.908,145.217,145.650,145.924,145.818,145.840,145.602,145.295,144.991,144.564,143.607,143.508,143.921,143.403,141.926,140.613,140.200,139.606,138.533,137.354,136.652
IVER_6,53.338,51.899,49.748,48.058,46.970,46.077,45.460,45.375,45.448,45.547,45.626,45.691,45.788,45.925,46.011,45.978,45.985,45.910,45.813,45.717,45.582,45.281,45.249,45.380,45.216,44.751,44.336,44.206,44.019,43.681,43.309,43.088
JOHN,16.307,15.867,15.210,14.693,14.360,14.088,13.899,13.873,13.895,13.925,13.949,13.969,13.999,14.041,14.067,14.057,14.059,14.036,14.007,13.977,13.936,13.844,13.834,13.874,13.824,13.682,13.555,13.516,13.458,13.355,13.241,13.174
JORD_3,22.953,22.334,21.408,20.681,20.213,19.829,19.563,19.527,19.558,19.600,19.634,19.662,19.704,19.763,19.800,19.786,19.789,19.757,19.715,19.674,19.616,19.486,19.472,19.529,19.458,19.258,19.080,19.024,18.943,18.797,18.637,18.542
KAIM,34.792,33.853,32.450,31.348,30.638,30.056,29.653,29.598,29.646,29.710,29.761,29.804,29.867,29.956,30.013,29.991,29.996,29.947,29.883,29.821,29.733,29.536,29.516,29.601,29.494,29.191,28.920,28.836,28.713,28.493,28.250,28.106
KEAD_1,112.673,109.632,105.089,101.519,99.220,97.335,96.030,95.852,96.006,96.214,96.381,96.519,96.725,97.013,97.196,97.125,97.140,96.981,96.777,96.574,96.290,95.652,95.586,95.861,95.516,94.533,93.658,93.383,92.987,92.272,91.487,91.020
KEAR_1,242.405,235.863,226.090,218.409,213.463,209.408,206.600,206.217,206.549,206.995,207.354,207.650,208.094,208.714,209.107,208.955,208.987,208.645,208.206,207.769,207.158,205.786,205.644,206.237,205.494,203.378,201.496,200.905,200.053,198.515,196.826,195.821
KEAR_3,37.989,36.964,35.432,34.229,33.454,32.818,32.378,32.318,32.370,32.440,32.496,32.543,32.612,32.709,32.771,32.747,32.752,32.698,32.630,32.561,32.465,32.250,32.228,32.321,32.205,31.873,31.578,31.485,31.352,31.111,30.846,30.689
KEIT_P,14.348,13.961,11.447,11.059,10.808,10.603,10.461,10.441,10.458,10.481,10.499,10.514,10.536,10.568,10.588,10.580,10.582,10.565,10.542,10.520,10.489,10.420,10.412,10.442,10.405,10.298,10.203,10.173,10.129,10.051,9.966,9.915
KEMS_1,120.489,117.238,112.380,108.562,106.104,104.088,102.692,102.502,102.667,102.889,103.067,103.214,103.435,103.743,103.939,103.863,103.878,103.709,103.490,103.273,102.969,102.288,102.217,102.512,102.142,101.091,100.155,99.861,99.438,98.674,97.834,97.334
KEOO,0.000,0.000,0.000,0.000,0.000,0.000,0.000,0.000,0.000,0.000,0.000,0.000,0.000,0.000,0.000,0.000,0.000,0.000,0.000,0.000,0.000,0.000,0.000,0.000,0.000,0.000,0.000,0.000,0.000,0.000,0.000,0.000
KIBY_1,94.739,92.182,88.363,85.361,83.428,81.843,80.746,80.596,80.726,80.900,81.040,81.156,81.330,81.572,81.726,81.666,81.678,81.545,81.373,81.203,80.964,80.427,80.372,80.604,80.313,79.486,78.751,78.520,78.187,77.586,76.926,76.533
KIBY_G,42.267,41.126,39.422,38.083,37.221,36.513,36.024,35.957,36.015,36.093,36.155,36.207,36.284,36.392,36.461,36.435,36.440,36.380,36.304,36.228,36.121,35.882,35.857,35.960,35.831,35.462,35.134,35.031,34.882,34.614,34.320,34.144
KIER,28.299,27.535,26.394,25.498,24.920,24.447,24.119,24.074,24.113,24.165,24.207,24.242,24.294,24.366,24.412,24.394,24.398,24.358,24.307,24.256,24.184,24.024,24.008,24.077,23.990,23.743,23.523,23.454,23.355,23.175,22.978,22.861
KIIN_P,0.796,0.774,0.742,0.717,0.701,0.688,0.678,0.677,0.678,0.680,0.681,0.682,0.683,0.685,0.687,0.686,0.686,0.685,0.684,0.682,0.680,0.676,0.675,0.677,0.675,0.668,0.662,0.660,0.657,0.652,0.646,0.643
KILS,14.202,13.819,13.247,12.796,12.507,12.269,12.105,12.082,12.102,12.128,12.149,12.166,12.192,12.228,12.252,12.243,12.244,12.224,12.199,12.173,12.137,12.057,12.049,12.083,12.040,11.916,11.806,11.771,11.721,11.631,11.532,11.473
KILT,18.072,17.584,16.856,16.283,15.914,15.612,15.403,15.374,15.399,15.432,15.459,15.481,15.514,15.560,15.590,15.578,15.581,15.555,15.523,15.490,15.444,15.342,15.332,15.376,15.320,15.163,15.022,14.978,14.915,14.800,14.674,14.599
KILW,21.072,20.503,19.653,18.986,18.556,18.203,17.959,17.926,17.955,17.994,18.025,18.050,18.089,18.143,18.177,18.164,18.167,18.137,18.099,18.061,18.008,17.888,17.876,17.928,17.863,17.679,17.515,17.464,17.390,17.256,17.110,17.022
KINL_P,0.681,0.662,0.635,0.613,0.600,0.588,0.580,0.579,0.580,0.581,0.582,0.583,0.584,0.586,0.587,0.587,0.587,0.586,0.585,0.584,0.582,0.578,0.578,0.579,0.577,0.571,0.566,0.564,0.562,0.558,0.553,0.550
KINO_1,114.394,111.306,106.694,103.070,100.736,98.822,97.497,97.316,97.473,97.684,97.853,97.993,98.202,98.495,98.680,98.608,98.623,98.462,98.255,98.049,97.760,97.113,97.046,97.325,96.975,95.976,95.088,94.809,94.407,93.682,92.885,92.410
KINT_P,21.148,20.577,17.428,16.836,16.455,16.142,15.926,15.897,15.922,15.957,15.984,16.007,16.042,16.089,16.120,16.108,16.110,16.084,16.050,16.016,15.969,15.863,15.853,15.898,15.841,15.678,15.533,15.487,15.421,15.303,15.172,15.095
KIRKB1,77.375,75.287,72.167,69.715,68.137,66.842,65.946,65.824,65.930,66.072,66.187,66.281,66.423,66.621,66.746,66.698,66.708,66.599,66.459,66.319,66.124,65.686,65.641,65.830,65.593,64.917,64.317,64.128,63.856,63.365,62.826,62.505
KITW_1,184.330,179.355,171.924,166.083,162.322,159.238,157.103,156.812,157.064,157.404,157.676,157.902,158.240,158.711,159.010,158.894,158.918,158.658,158.324,157.992,157.527,156.484,156.377,156.827,156.262,154.653,153.222,152.772,152.125,150.956,149.671,148.906
KNAR,57.363,55.815,53.502,51.684,50.514,49.554,48.890,48.799,48.878,48.983,49.068,49.138,49.243,49.390,49.483,49.447,49.455,49.374,49.270,49.166,49.022,48.697,48.664,48.804,48.628,48.127,47.682,47.542,47.340,46.977,46.577,46.339
LACK_6,121.605,118.323,113.420,109.566,107.086,105.051,103.643,103.450,103.617,103.841,104.021,104.170,104.392,104.703,104.901,104.824,104.840,104.669,104.448,104.229,103.923,103.234,103.163,103.460,103.088,102.026,101.082,100.786,100.358,99.587,98.740,98.235
LAIR_P,0.340,0.331,0.317,0.306,0.299,0.294,0.290,0.289,0.290,0.290,0.291,0.291,0.292,0.293,0.293,0.293,0.293,0.293,0.292,0.291,0.291,0.289,0.288,0.289,0.288,0.285,0.283,0.282,0.281,0.278,0.276,0.275
LALE1SG003,104.674,101.849,97.629,94.312,92.176,90.425,89.213,89.047,89.191,89.384,89.538,89.666,89.858,90.126,90.296,90.230,90.243,90.096,89.906,89.718,89.454,88.861,88.800,89.056,88.735,87.822,87.009,86.754,86.386,85.722,84.992,84.558
LAND1,118.015,114.830,110.072,106.332,103.925,101.950,100.584,100.397,100.559,100.776,100.950,101.095,101.311,101.613,101.804,101.730,101.745,101.579,101.365,101.153,100.855,100.187,100.118,100.407,100.045,99.015,98.098,97.811,97.396,96.647,95.825,95.336
LEGA_1,120.459,117.208,112.351,108.534,106.076,104.061,102.666,102.476,102.640,102.862,103.041,103.188,103.409,103.716,103.912,103.836,103.852,103.682,103.464,103.247,102.943,102.261,102.191,102.485,102.116,101.065,100.129,99.836,99.413,98.648,97.809,97.309
LEVE,14.650,14.255,13.664,13.200,12.901,12.656,12.486,12.463,12.483,12.510,12.532,12.550,12.576,12.614,12.638,12.628,12.630,12.610,12.583,12.557,12.520,12.437,12.428,12.464,12.419,12.291,12.178,12.142,12.090,11.997,11.895,11.835
LING,15.197,14.787,14.174,13.693,13.383,13.128,12.952,12.928,12.949,12.977,13.000,13.018,13.046,13.085,13.110,13.100,13.102,13.081,13.053,13.026,12.987,12.901,12.893,12.930,12.883,12.750,12.632,12.595,12.542,12.446,12.340,12.277
LINM,20.398,19.847,19.025,18.379,17.963,17.621,15.125,15.097,15.121,15.154,15.180,15.202,15.235,15.280,15.309,15.297,15.300,15.275,15.242,15.210,15.166,15.066,15.055,15.098,15.044,14.889,14.751,14.708,14.646,14.533,14.410,14.336
LISD_1,138.728,134.984,129.391,124.995,122.165,119.844,118.237,118.018,118.208,118.463,118.668,118.838,119.092,119.447,119.672,119.585,119.603,119.407,119.156,118.906,118.556,117.771,117.690,118.029,117.604,116.393,115.316,114.978,114.490,113.610,112.643,112.068
LITT_C,44.278,43.083,41.297,39.894,38.991,38.250,37.738,37.668,37.728,37.810,37.875,37.929,38.010,38.124,38.195,38.168,38.173,38.111,38.031,37.951,37.839,37.589,37.563,37.671,37.535,37.149,36.805,36.697,36.542,36.261,35.952,35.769
LITT_J,3.677,3.578,3.429,3.313,3.238,3.176,3.134,3.128,3.133,3.140,3.145,3.150,3.156,3.166,3.172,3.170,3.170,3.165,3.158,3.152,3.142,3.121,3.119,3.128,3.117,3.085,3.056,3.047,3.034,3.011,2.986,2.970
LODR_6,105.791,102.936,98.670,71.489,69.870,68.543,67.624,67.499,67.606,67.753,67.871,67.967,68.113,68.315,68.444,68.395,68.404,68.293,68.150,68.006,67.806,67.358,67.311,67.504,67.261,66.569,65.953,65.759,65.480,64.977,64.424,64.095
LOUD_H,23.501,22.867,21.919,21.175,20.695,20.302,20.030,19.993,20.025,20.068,20.103,20.132,20.175,20.235,20.273,20.258,20.261,20.228,20.185,20.143,20.084,19.951,19.937,19.994,19.922,19.717,19.535,19.478,19.395,19.246,19.082,18.985
LOVE_1,233.057,226.767,217.371,209.986,205.231,201.332,198.633,198.265,198.584,199.013,199.358,199.643,200.070,200.665,201.044,200.897,200.927,200.599,200.177,199.757,199.169,197.850,197.714,198.283,197.569,195.535,193.725,193.157,192.338,190.860,189.236,188.269
LUNA_P,9.167,8.919,8.550,8.259,8.072,7.919,7.813,7.798,7.811,7.828,7.841,7.852,7.869,7.893,7.908,7.902,7.903,7.890,7.873,7.857,7.834,7.782,7.777,7.799,7.771,7.691,7.620,7.597,7.565,7.507,7.443,7.405
LYND_P,10.602,10.315,9.888,9.552,9.336,9.158,9.036,9.019,9.033,9.053,9.069,9.082,9.101,9.128,9.145,9.139,9.140,9.125,9.106,9.087,9.060,9.000,8.994,9.020,8.987,8.895,8.812,8.787,8.749,8.682,8.608,8.564
MACC_3,38.556,37.516,35.961,34.740,33.953,33.308,32.861,32.800,32.853,32.924,32.981,33.028,33.099,33.198,33.260,33.236,33.241,33.187,33.117,33.047,32.950,32.732,32.709,32.804,32.685,32.349,32.049,31.955,31.820,31.575,31.307,31.147
MACD_P,5.907,5.747,5.509,5.322,5.202,5.103,5.034,5.025,5.033,5.044,5.053,5.060,5.071,5.086,5.095,5.092,5.093,5.084,5.073,5.063,5.048,5.015,5.011,5.025,5.007,4.956,4.910,4.896,4.875,4.837,4.796,4.772
MAGA_6,19.583,19.054,18.264,17.644,17.244,16.917,16.690,16.659,16.686,16.722,16.751,16.775,16.811,16.861,16.893,16.880,16.883,16.855,16.820,16.784,16.735,16.624,16.613,16.661,16.601,16.430,16.278,16.230,16.161,16.037,15.900,15.819
MANN_1,234.321,227.997,218.549,211.124,206.344,202.424,199.710,199.339,199.660,200.092,200.438,200.725,201.154,201.753,202.133,201.986,202.017,201.686,201.262,200.840,200.249,198.923,198.786,199.358,198.640,196.595,194.776,194.204,193.381,191.895,190.262,189.290
MAYB,4.038,3.929,3.766,3.638,3.556,3.488,3.442,3.435,3.441,3.448,3.454,3.459,3.467,3.477,3.483,3.481,3.481,3.476,3.468,3.461,3.451,3.428,3.426,3.436,3.423,3.388,3.357,3.347,3.333,3.307,3.279,3.262
MELK_1,163.302,158.895,152.311,147.136,143.805,141.072,139.181,138.923,139.147,139.448,139.689,139.889,140.188,140.605,140.870,140.768,140.789,140.559,140.263,139.969,139.557,138.633,138.537,138.936,138.436,137.010,135.742,135.344,134.771,133.735,132.597,131.919
MILC_P,18.738,18.232,17.477,16.883,16.501,16.187,15.970,15.940,15.966,16.001,16.028,16.051,16.086,16.133,16.164,16.152,16.154,16.128,16.094,16.060,16.013,15.907,15.896,15.942,15.884,15.721,15.575,15.530,15.464,15.345,15.215,15.137
MILH_1,60.518,58.885,56.445,54.527,53.293,52.280,51.579,51.484,51.566,51.678,51.767,51.841,51.952,52.107,52.205,52.167,52.175,52.090,51.980,51.871,51.719,51.376,51.341,51.489,51.303,50.775,50.305,50.157,49.945,49.561,49.139,48.888
MITY_1,117.809,114.629,109.879,106.146,103.743,101.772,100.407,100.221,100.382,100.600,100.774,100.918,101.134,101.435,101.626,101.552,101.567,101.401,101.188,100.976,100.678,100.012,99.943,100.231,99.870,98.841,97.927,97.639,97.226,96.478,95.657,95.169
MYBS_P,3.093,3.010,2.885,2.787,2.724,2.672,2.636,2.632,2.636,2.642,2.646,2.650,2.656,2.663,2.668,2.667,2.667,2.663,2.657,2.651,2.644,2.626,2.624,2.632,2.622,2.595,2.571,2.564,2.553,2.533,2.512,2.499
NAIR_P,9.086,8.841,8.475,8.187,8.001,7.849,7.744,7.730,7.742,7.759,7.772,7.784,7.800,7.823,7.838,7.832,7.834,7.821,7.804,7.788,7.765,7.714,7.708,7.731,7.703,7.623,7.553,7.531,7.499,7.441,7.378,7.340
NEAR,31.169,30.328,29.071,28.084,27.448,26.926,26.565,26.516,26.559,26.616,26.662,26.700,26.757,26.837,26.888,26.868,26.872,26.828,26.772,26.715,26.637,26.460,26.442,26.518,26.423,26.151,25.909,25.833,25.723,25.526,25.308,25.179
NECE_1,107.983,105.069,100.715,97.294,95.091,93.284,92.034,91.863,92.011,92.210,92.369,92.501,92.699,92.975,93.150,93.083,93.097,92.944,92.749,92.554,92.282,91.671,91.608,91.872,91.541,90.598,89.760,89.496,89.117,88.432,87.680,87.232
NEEP_3,31.219,30.377,29.118,28.129,27.492,26.970,26.608,26.559,26.601,26.659,26.705,26.743,26.800,26.880,26.931,26.911,26.915,26.871,26.815,26.759,26.680,26.503,26.485,26.561,26.466,26.193,25.951,25.875,25.765,25.567,25.349,25.220
NETS,2.204,2.145,2.056,1.986,1.941,1.904,1.879,1.875,1.878,1.882,1.885,1.888,1.892,1.898,1.901,1.900,1.900,1.897,1.893,1.889,1.884,1.871,1.870,1.875,1.869,1.849,1.832,1.827,1.819,1.805,1.790,1.781
NEWX_6,117.165,114.003,109.279,105.567,103.176,101.216,99.859,99.674,99.834,100.050,100.223,100.367,100.581,100.881,101.071,100.997,101.013,100.847,100.635,100.424,100.129,99.466,99.397,99.683,99.324,98.302,97.392,97.106,96.695,95.951,95.135,94.649
NFLE,159.085,154.791,148.377,143.336,140.091,137.429,135.587,135.335,135.553,135.846,136.081,136.276,136.567,136.974,137.232,137.132,137.153,136.929,136.641,136.354,135.953,135.052,134.959,135.348,134.861,133.472,132.237,131.849,131.290,130.281,129.172,128.512
NHYD_6,50.028,48.677,46.660,45.075,44.055,43.218,42.638,42.559,42.628,42.720,42.794,42.855,42.947,43.074,43.156,43.124,43.131,43.060,42.970,42.880,42.753,42.470,42.441,42.563,42.410,41.973,41.585,41.463,41.287,40.970,40.621,40.414
NINF_1,159.359,155.059,148.634,143.584,140.333,137.667,135.821,135.569,135.787,136.081,136.316,136.511,136.803,137.211,137.469,137.369,137.390,137.165,136.877,136.590,136.188,135.286,135.193,135.582,135.094,133.703,132.465,132.077,131.517,130.506,129.396,128.734
NORL_3,24.233,23.579,22.602,21.834,21.339,20.934,20.653,20.615,20.648,20.693,20.729,20.758,20.803,20.865,20.904,20.889,20.892,20.858,20.814,20.770,20.709,20.572,20.558,20.617,20.543,20.331,20.143,20.084,19.999,19.845,19.676,19.576
NORM_1,207.559,201.957,193.589,187.012,182.777,179.305,176.901,176.573,176.857,177.239,177.546,177.800,178.180,178.711,179.048,178.918,178.944,178.652,178.276,177.902,177.379,176.204,176.083,176.590,175.954,174.142,172.530,172.024,171.295,169.978,168.532,167.671
NORT_1,174.951,170.229,163.176,157.632,154.063,151.136,149.109,148.833,149.072,149.395,149.653,149.867,150.188,150.635,150.919,150.809,150.832,150.585,150.268,149.953,149.512,148.522,148.420,148.847,148.311,146.784,145.425,144.999,144.384,143.274,142.055,141.330
NURS_1,101.173,98.443,94.364,91.158,89.094,87.401,86.229,86.069,86.208,86.394,86.544,86.668,86.853,87.112,87.276,87.212,87.225,87.083,86.900,86.717,86.462,85.890,85.830,86.078,85.768,84.884,84.099,83.852,83.497,82.855,82.150,81.730
OCKH_1,39.343,38.281,36.695,35.448,34.645,33.987,33.532,33.469,33.523,33.596,33.654,33.702,33.774,33.875,33.938,33.914,33.919,33.863,33.792,33.721,33.622,33.399,33.376,33.472,33.352,33.009,32.703,32.607,32.469,32.219,31.945,31.782
OFFE_3,23.518,22.884,21.935,21.190,20.710,20.317,20.044,20.007,20.039,20.083,20.118,20.146,20.189,20.250,20.288,20.273,20.276,20.243,20.200,20.158,20.099,19.965,19.952,20.009,19.937,19.732,19.549,19.492,19.409,19.260,19.096,18.999
OLDB_1,42.600,41.450,39.733,38.383,37.514,36.801,36.308,36.240,36.299,36.377,36.440,36.492,36.570,36.679,36.748,36.721,36.727,36.667,36.590,36.513,36.406,36.164,36.140,36.244,36.113,35.741,35.410,35.307,35.157,34.887,34.590,34.413
ORMO,5.059,4.922,4.718,4.558,4.455,4.370,4.312,4.304,4.311,4.320,4.327,4.334,4.343,4.356,4.364,4.361,4.361,4.354,4.345,4.336,4.323,4.295,4.292,4.304,4.289,4.244,4.205,4.193,4.175,4.143,4.108,4.087
ORRI_P,0.000,0.000,0.000,0.000,0.000,0.000,0.000,0.000,0.000,0.000,0.000,0.000,0.000,0.000,0.000,0.000,0.000,0.000,0.000,0.000,0.000,0.000,0.000,0.000,0.000,0.000,0.000,0.000,0.000,0.000,0.000,0.000
OSBA_1,116.551,113.406,108.707,105.013,102.636,100.686,99.336,99.152,99.311,99.526,99.698,99.841,100.054,100.352,100.541,100.468,100.483,100.319,100.108,99.898,99.604,98.944,98.876,99.161,98.804,97.786,96.881,96.597,96.188,95.449,94.636,94.153
PADIB1,78.041,75.935,72.789,70.316,68.724,67.418,66.514,66.391,66.497,66.641,66.757,66.852,66.995,67.195,67.321,67.272,67.282,67.172,67.031,66.890,66.694,66.252,66.206,66.397,66.158,65.477,64.871,64.680,64.406,63.911,63.367,63.044
PAIS,6.553,6.377,6.112,5.905,5.771,5.661,5.585,5.575,5.584,5.596,5.606,5.614,5.626,5.643,5.653,5.649,5.650,5.641,5.629,5.617,5.601,5.563,5.560,5.576,5.556,5.498,5.447,5.431,5.408,5.367,5.321,5.294
PART,14.585,14.192,13.604,13.141,12.844,12.600,12.431,12.408,12.428,12.455,12.476,12.494,12.521,12.558,12.582,12.573,12.574,12.554,12.528,12.501,12.464,12.382,12.373,12.409,12.364,12.237,12.124,12.088,12.037,11.944,11.843,11.782
PEHG_P,1.016,0.988,0.947,0.915,0.894,0.877,0.866,0.864,0.865,0.867,0.869,0.870,0.872,0.874,0.876,0.875,0.876,0.874,0.872,0.870,0.868,0.862,0.862,0.864,0.861,0.852,0.844,0.842,0.838,0.832,0.825,0.820
PEHS_P,2.596,2.526,2.421,2.339,2.286,2.242,2.212,2.208,2.212,2.217,2.220,2.224,2.228,2.235,2.239,2.238,2.238,2.234,2.229,2.225,2.218,2.204,2.202,2.208,2.200,2.178,2.158,2.151,2.142,2.126,2.108,2.097
PELH_1,94.794,92.235,88.414,85.410,83.476,81.890,80.792,80.642,80.772,80.947,81.087,81.203,81.376,81.619,81.773,81.713,81.725,81.592,81.420,81.249,81.010,80.474,80.418,80.650,80.359,79.532,78.796,78.565,78.232,77.631,76.970,76.577
PEMB_1,50.589,49.224,47.184,45.581,44.549,43.703,43.117,43.037,43.106,43.200,43.274,43.336,43.429,43.558,43.640,43.609,43.615,43.544,43.452,43.361,43.233,42.947,42.918,43.041,42.886,42.445,42.052,41.928,41.751,41.430,41.077,40.867
PENE_1,83.940,81.675,78.290,75.631,73.918,72.514,71.542,71.409,71.524,71.679,71.803,71.905,72.059,72.274,72.410,72.357,72.368,72.250,72.098,71.946,71.735,71.260,71.211,71.416,71.159,70.426,69.774,69.569,69.274,68.742,68.157,67.809
PENN_1,141.859,138.031,132.311,127.816,124.922,122.549,120.906,120.682,120.876,121.137,121.347,121.520,121.780,122.143,122.373,122.284,122.302,122.102,121.846,121.590,121.232,120.429,120.346,120.693,120.258,119.020,117.919,117.573,117.074,116.174,115.186,114.597
PENT_1,46.012,44.770,42.915,41.457,40.518,39.749,39.216,39.143,39.206,39.291,39.359,39.415,39.499,39.617,39.692,39.663,39.669,39.604,39.521,39.438,39.322,39.061,39.034,39.147,39.006,38.604,38.247,38.135,37.973,37.681,37.361,37.170
PENW_1,106.586,103.710,99.412,96.035,93.860,92.077,90.843,90.674,90.820,91.017,91.174,91.305,91.500,91.772,91.945,91.878,91.892,91.742,91.549,91.357,91.088,90.485,90.422,90.683,90.356,89.426,88.598,88.338,87.964,87.288,86.545,86.103
PERI_H,11.293,10.988,10.533,10.175,9.945,9.756,9.625,9.607,9.623,9.643,9.660,9.674,9.695,9.723,9.742,9.735,9.736,9.720,9.700,9.679,9.651,9.587,9.580,9.608,9.573,9.475,9.387,9.360,9.320,9.248,9.170,9.123
PERS_P,14.172,13.789,13.218,12.769,12.480,12.243,12.079,12.056,12.076,12.102,12.123,12.140,12.166,12.202,12.225,12.216,12.218,12.198,12.173,12.147,12.111,12.031,12.023,12.057,12.014,11.890,11.780,11.746,11.696,11.606,11.507,11.448
PITS_3,13.673,13.304,12.753,12.320,12.041,11.812,11.654,11.632,11.651,11.676,11.696,11.713,11.738,11.773,11.795,11.786,11.788,11.769,11.744,11.720,11.685,11.608,11.600,11.633,11.591,11.472,11.366,11.332,11.284,11.198,11.102,11.046
POOB,29.442,28.648,27.461,26.528,25.927,25.434,25.094,25.047,25.087,25.142,25.185,25.221,25.275,25.350,25.398,25.380,25.383,25.342,25.289,25.236,25.161,24.995,24.977,25.049,24.959,24.702,24.474,24.402,24.298,24.112,23.906,23.784
POPP_3,15.397,14.982,14.361,13.873,13.559,13.301,13.123,13.099,13.120,13.148,13.171,13.190,13.218,13.257,13.282,13.273,13.274,13.253,13.225,13.197,13.158,13.071,13.062,13.100,13.053,12.918,12.799,12.761,12.707,12.609,12.502,12.438
PORA_P,4.865,4.733,4.537,4.383,4.284,4.202,4.146,4.138,4.145,4.154,4.161,4.167,4.176,4.188,4.196,4.193,4.194,4.187,4.178,4.169,4.157,4.130,4.127,4.139,4.124,4.081,4.044,4.032,4.015,3.984,3.950,3.930
PORD,10.733,10.443,10.010,9.670,9.451,9.272,9.147,9.130,9.145,9.165,9.181,9.194,9.213,9.241,9.258,9.252,9.253,9.238,9.218,9.199,9.172,9.111,9.105,9.131,9.098,9.005,8.921,8.895,8.857,8.789,8.715,8.670
PYLE_1,36.785,35.792,34.309,33.143,32.393,31.777,31.351,31.293,31.343,31.411,31.466,31.511,31.578,31.672,31.732,31.709,31.713,31.662,31.595,31.529,31.436,31.228,31.206,31.296,31.183,30.862,30.577,30.487,30.358,30.124,29.868,29.716
QUOI_P,0.018,0.018,0.017,0.016,0.016,0.016,0.015,0.015,0.015,0.015,0.015,0.016,0.016,0.016,0.016,0.016,0.016,0.016,0.016,0.016,0.015,0.015,0.015,0.015,0.015,0.015,0.015,0.015,0.015,0.015,0.015,0.015
RAIN_1,181.308,176.414,169.104,163.359,159.660,156.627,154.527,154.241,154.489,154.823,155.091,155.313,155.645,156.108,156.402,156.289,156.312,156.057,155.728,155.402,154.944,153.918,153.812,154.255,153.700,152.117,150.709,150.267,149.630,148.480,147.217,146.465
RANN_P,0.366,0.356,0.341,0.330,0.322,0.316,0.312,0.311,0.312,0.312,0.313,0.313,0.314,0.315,0.315,0.315,0.315,0.315,0.314,0.313,0.313,0.310,0.310,0.311,0.310,0.307,0.304,0.303,0.302,0.300,0.297,0.295
RASS_1,99.841,97.147,93.122,89.958,87.921,86.251,85.094,84.936,85.073,85.257,85.405,85.527,85.710,85.965,86.127,86.064,86.077,85.936,85.756,85.576,85.324,84.759,84.701,84.944,84.639,83.767,82.992,82.748,82.398,81.764,81.069,80.654
RATS_1,159.232,154.934,148.514,143.469,140.220,137.556,135.712,135.460,135.678,135.972,136.207,136.402,136.693,137.101,137.359,137.259,137.280,137.055,136.767,136.480,136.078,135.177,135.084,135.473,134.985,133.595,132.359,131.971,131.411,130.401,129.292,128.631
RAVE,1.765,1.717,1.646,1.590,1.554,1.525,1.504,1.501,1.504,1.507,1.510,1.512,1.515,1.520,1.522,1.521,1.522,1.519,1.516,1.513,1.508,1.498,1.497,1.502,1.496,1.481,1.467,1.463,1.457,1.445,1.433,1.426
RAYL_1,188.203,183.124,175.536,169.572,165.733,162.584,160.404,160.107,160.364,160.711,160.989,161.220,161.564,162.045,162.351,162.233,162.257,161.992,161.651,161.312,160.837,159.772,159.662,160.122,159.545,157.902,156.441,155.982,155.321,154.127,152.816,152.035
REBR_3,47.647,46.361,44.440,42.930,41.958,41.161,40.609,40.534,40.599,40.687,40.757,40.816,40.903,41.025,41.102,41.072,41.078,41.011,40.925,40.839,40.719,40.449,40.421,40.538,40.392,39.976,39.606,39.490,39.322,39.020,38.688,38.491
REDH,11.933,11.611,11.130,10.752,10.508,10.308,10.170,10.151,10.168,10.190,10.207,10.222,10.244,10.274,10.294,10.286,10.288,10.271,10.249,10.228,10.198,10.130,10.123,10.152,10.116,10.012,9.919,9.890,9.848,9.772,9.689,9.640
REDM_P,12.051,11.726,11.240,10.858,10.612,10.411,10.271,10.252,10.269,10.291,10.309,10.323,10.345,10.376,10.396,10.388,10.390,10.373,10.351,10.329,10.299,10.231,10.224,10.253,10.216,10.111,10.017,9.988,9.946,9.869,9.785,9.735
RICH_J,75.907,73.858,70.798,68.392,66.844,65.574,64.695,64.575,64.679,64.818,64.931,65.024,65.163,65.357,65.480,65.432,65.442,65.335,65.198,65.061,64.869,64.440,64.395,64.581,64.348,63.686,63.096,62.911,62.645,62.163,61.634,61.319
ROCH_1,80.149,77.986,74.754,72.214,70.579,69.238,68.310,68.183,68.293,68.441,68.559,68.657,68.804,69.009,69.139,69.089,69.099,68.986,68.841,68.697,68.495,68.041,67.994,68.190,67.944,67.245,66.622,66.427,66.145,65.637,65.079,64.746
RRIG,4.999,4.864,4.663,4.504,4.402,4.319,4.261,4.253,4.260,4.269,4.276,4.282,4.291,4.304,4.312,4.309,4.310,4.303,4.294,4.285,4.272,4.244,4.241,4.253,4.238,4.194,4.155,4.143,4.126,4.094,4.059,4.038
RUGEB1,96.382,93.781,89.895,86.841,84.875,83.262,82.146,81.994,82.125,82.303,82.446,82.563,82.740,82.986,83.143,83.082,83.095,82.959,82.784,82.611,82.368,81.822,81.766,82.001,81.706,80.865,80.116,79.881,79.543,78.931,78.260,77.860
RYEH_1,154.243,150.080,143.862,138.974,135.827,133.247,131.460,131.216,131.428,131.712,131.940,132.129,132.411,132.805,133.056,132.959,132.979,132.761,132.482,132.204,131.815,130.942,130.852,131.229,130.756,129.410,128.212,127.836,127.294,126.316,125.241,124.601
SALH_1,57.714,56.157,53.830,52.001,50.824,49.858,49.190,49.098,49.177,49.284,49.369,49.440,49.545,49.693,49.786,49.750,49.758,49.676,49.572,49.468,49.322,48.996,48.962,49.103,48.926,48.422,47.974,47.834,47.631,47.265,46.862,46.623
SALL1,39.204,38.145,36.565,35.323,34.523,33.867,33.413,33.351,33.405,33.477,33.535,33.583,33.655,33.755,33.818,33.794,33.799,33.744,33.673,33.602,33.503,33.281,33.258,33.354,33.234,32.892,32.587,32.492,32.354,32.105,31.832,31.670
SALT_1,41.865,40.735,39.047,37.720,36.866,36.166,35.681,35.615,35.672,35.749,35.811,35.862,35.939,36.046,36.114,36.088,36.093,36.034,35.958,35.883,35.777,35.540,35.516,35.618,35.490,35.125,34.800,34.697,34.550,34.285,33.993,33.819
SANX,10.154,9.880,9.471,9.149,8.942,8.772,8.655,8.639,8.652,8.671,8.686,8.699,8.717,8.743,8.760,8.753,8.755,8.740,8.722,8.704,8.678,8.620,8.615,8.639,8.608,8.520,8.441,8.416,8.380,8.316,8.245,8.203
SASA,12.858,12.511,11.993,11.586,11.323,11.108,10.959,10.939,10.956,10.980,10.999,11.015,11.038,11.071,11.092,11.084,11.086,11.068,11.044,11.021,10.989,10.916,10.908,10.940,10.900,10.788,10.688,10.657,10.612,10.530,10.441,10.387
SBAR,81.349,79.154,75.874,73.296,71.636,70.275,69.333,69.205,69.316,69.466,69.586,69.686,69.835,70.043,70.175,70.124,70.134,70.019,69.872,69.726,69.520,69.060,69.013,69.211,68.962,68.252,67.620,67.422,67.136,66.620,66.053,65.716
SEAB1,123.834,120.492,115.499,111.575,109.049,106.977,105.543,105.347,105.517,105.745,105.928,106.079,106.306,106.623,106.824,106.746,106.762,106.588,106.363,106.140,105.828,105.127,105.055,105.357,104.978,103.897,102.935,102.633,102.198,101.413,100.550,100.036
SELL_1,67.164,65.351,62.644,60.515,59.145,58.021,57.244,57.137,57.229,57.353,57.452,57.535,57.658,57.829,57.938,57.896,57.905,57.810,57.688,57.567,57.398,57.018,56.979,57.143,56.937,56.351,55.829,55.666,55.429,55.003,54.535,54.257
SFEG_P,1.387,1.349,1.293,1.249,1.221,1.198,1.182,1.180,1.181,1.184,1.186,1.188,1.190,1.194,1.196,1.195,1.195,1.193,1.191,1.188,1.185,1.177,1.176,1.180,1.175,1.163,1.153,1.149,1.144,1.136,1.126,1.120
SFIL_P,0.635,0.618,0.592,0.572,0.559,0.548,0.541,0.540,0.541,0.542,0.543,0.544,0.545,0.546,0.548,0.547,0.547,0.546,0.545,0.544,0.542,0.539,0.538,0.540,0.538,0.533,0.528,0.526,0.524,0.520,0.515,0.513
SHEC_3,13.099,12.746,12.218,11.803,11.535,11.316,11.165,11.144,11.162,11.186,11.205,11.221,11.245,11.279,11.300,11.292,11.293,11.275,11.251,11.228,11.195,11.121,11.113,11.145,11.105,10.990,10.889,10.857,10.811,10.728,10.636,10.582
SHIN_P,0.412,0.401,0.384,0.371,0.363,0.356,0.351,0.350,0.351,0.352,0.352,0.353,0.354,0.355,0.355,0.355,0.355,0.355,0.354,0.353,0.352,0.350,0.349,0.350,0.349,0.346,0.342,0.341,0.340,0.337,0.334,0.333
SHRU,16.344,15.903,15.244,14.726,14.393,14.119,13.930,13.904,13.926,13.956,13.981,14.001,14.031,14.072,14.099,14.089,14.091,14.068,14.038,14.009,13.967,13.875,13.865,13.905,13.855,13.713,13.586,13.546,13.488,13.385,13.271,13.203
SHRW_1,45.593,44.362,42.524,41.079,40.149,39.386,38.858,38.786,38.849,38.933,39.000,39.056,39.139,39.256,39.330,39.301,39.307,39.243,39.160,39.078,38.963,38.705,38.679,38.790,38.650,38.252,37.898,37.787,37.627,37.338,37.020,36.831
SIGH,29.138,28.352,27.177,26.254,25.659,25.172,24.835,24.788,24.828,24.882,24.925,24.961,25.014,25.089,25.136,25.118,25.121,25.080,25.028,24.975,24.902,24.737,24.720,24.791,24.702,24.447,24.221,24.150,24.048,23.863,23.660,23.539
SJOW_1,109.791,106.828,102.401,98.922,96.682,94.846,93.574,93.401,93.551,93.753,93.915,94.050,94.251,94.531,94.710,94.641,94.655,94.500,94.301,94.104,93.827,93.205,93.141,93.409,93.073,92.115,91.262,90.994,90.609,89.912,89.147,88.692
SKLGB1,247.179,240.509,230.543,222.710,217.667,213.532,210.669,210.279,210.617,211.072,211.438,211.740,212.193,212.825,213.226,213.071,213.103,212.754,212.307,211.862,211.238,209.839,209.695,210.299,209.541,207.384,205.464,204.862,203.993,202.425,200.703,199.678
SLOY_P,0.791,0.770,0.738,0.713,0.697,0.683,0.674,0.673,0.674,0.676,0.677,0.678,0.679,0.681,0.683,0.682,0.682,0.681,0.680,0.678,0.676,0.672,0.671,0.673,0.671,0.664,0.658,0.656,0.653,0.648,0.642,0.639
SMAN_1,121.779,118.493,113.583,109.724,107.240,105.202,103.792,103.599,103.766,103.990,104.170,104.319,104.542,104.854,105.051,104.975,104.991,104.819,104.599,104.379,104.072,103.383,103.312,103.609,103.236,102.173,101.227,100.931,100.503,99.730,98.882,98.376
SPAV,8.161,7.941,7.612,7.353,7.187,7.050,6.956,6.943,6.954,6.969,6.981,6.991,7.006,7.027,7.040,7.035,7.036,7.025,7.010,6.995,6.975,6.928,6.924,6.944,6.919,6.847,6.784,6.764,6.735,6.684,6.627,6.593
SPEN_1,103.690,100.891,96.711,93.425,91.310,89.575,88.374,88.210,88.352,88.543,88.696,88.823,89.013,89.278,89.447,89.381,89.395,89.249,89.061,88.874,88.613,88.026,87.965,88.219,87.901,86.996,86.191,85.938,85.573,84.916,84.193,83.763
SSHI_3,33.897,32.982,31.615,30.541,29.850,29.283,28.890,28.836,28.883,28.945,28.995,29.037,29.099,29.186,29.241,29.219,29.224,29.176,29.115,29.054,28.968,28.776,28.756,28.839,28.735,28.439,28.176,28.094,27.974,27.759,27.523,27.383
STAH_1,60.884,59.240,56.786,54.857,53.614,52.596,51.891,51.794,51.878,51.990,52.080,52.154,52.266,52.422,52.520,52.482,52.490,52.404,52.294,52.184,52.031,51.686,51.651,51.799,51.613,51.081,50.609,50.460,50.246,49.860,49.436,49.183
STAL_1,177.212,172.429,165.284,159.669,156.054,153.089,151.036,150.756,150.999,151.325,151.587,151.804,152.129,152.582,152.869,152.758,152.781,152.531,152.210,151.891,151.444,150.441,150.338,150.771,150.228,148.681,147.305,146.873,146.250,145.126,143.891,143.156
STAY_1,56.263,54.744,52.476,50.693,49.545,48.604,47.952,47.864,47.941,48.044,48.127,48.196,48.299,48.443,48.534,48.499,48.506,48.427,48.325,48.224,48.082,47.764,47.731,47.868,47.696,47.205,46.768,46.631,46.433,46.076,45.684,45.451
STEN_1,61.271,59.617,57.147,55.205,53.955,52.930,52.220,52.124,52.207,52.320,52.411,52.486,52.598,52.755,52.854,52.816,52.824,52.737,52.626,52.516,52.361,52.015,51.979,52.129,51.941,51.406,50.930,50.781,50.566,50.177,49.750,49.496
STES_1,99.502,96.817,92.805,89.652,87.622,85.957,84.805,84.648,84.784,84.967,85.114,85.236,85.418,85.673,85.834,85.772,85.785,85.644,85.464,85.285,85.034,84.471,84.413,84.656,84.351,83.482,82.710,82.467,82.118,81.486,80.793,80.380
STHA,16.324,15.883,15.225,14.708,14.375,14.102,13.912,13.887,13.909,13.939,13.963,13.983,14.013,14.055,14.081,14.071,14.073,14.050,14.021,13.991,13.950,13.858,13.848,13.888,13.838,13.696,13.569,13.529,13.472,13.368,13.254,13.187
STIR,13.885,13.511,12.951,12.511,12.227,11.995,11.834,11.812,11.831,11.857,11.878,11.895,11.920,11.955,11.978,11.969,11.971,11.951,11.926,11.901,11.866,11.788,11.780,11.814,11.771,11.650,11.542,11.508,11.459,11.371,11.274,11.217
STLE,12.112,11.785,11.297,10.913,10.666,10.464,10.323,10.304,10.321,10.343,10.361,10.376,10.398,10.429,10.449,10.441,10.442,10.425,10.403,10.382,10.351,10.283,10.275,10.305,10.268,10.162,10.068,10.039,9.996,9.919,9.835,9.785
STRI_P,5.156,5.017,4.809,4.645,4.540,4.454,4.394,4.386,4.393,4.403,4.410,4.417,4.426,4.439,4.448,4.444,4.445,4.438,4.428,4.419,4.406,4.377,4.374,4.386,4.371,4.326,4.286,4.273,4.255,4.222,4.186,4.165
SUND_1,231.943,225.683,216.332,208.982,204.250,200.369,197.683,197.317,197.634,198.061,198.404,198.688,199.113,199.706,200.082,199.937,199.967,199.640,199.220,198.802,198.217,196.904,196.769,197.335,196.625,194.600,192.799,192.234,191.419,189.947,188.331,187.369
SWAN_1,247.478,240.799,230.821,222.979,217.930,213.790,210.924,210.532,210.871,211.327,211.693,211.996,212.449,213.082,213.483,213.328,213.360,213.011,212.563,212.117,211.493,210.092,209.948,210.552,209.794,207.634,205.712,205.109,204.239,202.670,200.945,199.919
TARL_P,5.806,5.649,5.415,5.231,5.113,5.015,4.948,4.939,4.947,4.958,4.966,4.973,4.984,4.999,5.008,5.005,5.005,4.997,4.987,4.976,4.962,4.929,4.925,4.939,4.922,4.871,4.826,4.812,4.791,4.755,4.714,4.690
TAUN1,36.996,35.998,34.506,33.334,32.579,31.960,31.532,31.473,31.524,31.592,31.647,31.692,31.760,31.854,31.914,31.891,31.896,31.844,31.777,31.710,31.617,31.407,31.386,31.476,31.363,31.040,30.753,30.662,30.532,30.298,30.040,29.887
TAYN_P,8.349,8.124,7.787,7.523,7.353,7.213,7.116,7.103,7.114,7.130,7.142,7.152,7.168,7.189,7.203,7.197,7.198,7.187,7.171,7.156,7.135,7.088,7.083,7.104,7.078,7.005,6.940,6.920,6.891,6.838,6.779,6.745
TELR,12.299,11.967,11.471,11.081,10.830,10.625,10.482,10.463,10.480,10.502,10.520,10.536,10.558,10.589,10.609,10.602,10.603,10.586,10.564,10.542,10.511,10.441,10.434,10.464,10.426,10.319,10.223,10.193,10.150,10.072,9.986,9.935
TEMP_3,16.560,16.113,15.445,14.921,14.583,14.306,14.114,14.088,14.111,14.141,14.166,14.186,14.216,14.258,14.285,14.275,14.277,14.254,14.224,14.194,14.152,14.058,14.049,14.089,14.038,13.894,13.765,13.725,13.667,13.562,13.446,13.378
THOM_6,94.446,91.897,88.089,85.097,83.170,81.590,80.496,80.347,80.476,80.650,80.789,80.905,81.078,81.319,81.473,81.413,81.426,81.293,81.121,80.951,80.713,80.179,80.123,80.354,80.065,79.240,78.507,78.277,77.945,77.346,76.688,76.296
THSO_P,13.437,13.074,12.533,12.107,11.833,11.608,11.452,11.431,11.449,11.474,11.494,11.511,11.535,11.569,11.591,11.583,11.585,11.566,11.541,11.517,11.483,11.407,11.399,11.432,11.391,11.274,11.169,11.137,11.089,11.004,10.911,10.855
THUR_6,77.847,75.746,72.608,70.141,68.553,67.250,66.349,66.226,66.332,66.476,66.591,66.686,66.829,67.028,67.154,67.105,67.115,67.005,66.865,66.724,66.528,66.087,66.042,66.232,65.994,65.314,64.710,64.520,64.246,63.752,63.210,62.887
TILBB_1,74.111,72.111,69.123,66.774,65.262,64.022,63.164,63.047,63.148,63.285,63.395,63.485,63.621,63.810,63.931,63.884,63.894,63.789,63.655,63.522,63.335,62.915,62.872,63.053,62.826,62.179,61.604,61.423,61.163,60.692,60.176,59.869
TONG,5.531,5.381,5.158,4.983,4.870,4.778,4.714,4.705,4.712,4.723,4.731,4.738,4.748,4.762,4.771,4.767,4.768,4.760,4.750,4.740,4.726,4.695,4.692,4.705,4.688,4.640,4.597,4.584,4.564,4.529,4.491,4.468
TOTT_1,129.470,125.976,120.756,116.654,114.012,111.846,110.347,110.142,110.319,110.558,110.749,110.908,111.145,111.476,111.686,111.605,111.621,111.439,111.204,110.971,110.645,109.912,109.836,110.153,109.756,108.626,107.620,107.305,106.850,106.029,105.127,104.589
TRAW_1,37.252,36.247,34.745,33.564,32.804,32.181,31.750,31.691,31.742,31.810,31.866,31.911,31.979,32.075,32.135,32.112,32.116,32.064,31.996,31.929,31.835,31.625,31.603,31.694,31.580,31.255,30.965,30.874,30.744,30.507,30.248,30.093
TUMB_P,3.594,3.497,3.352,3.238,3.165,3.105,3.063,3.058,3.063,3.069,3.075,3.079,3.085,3.095,3.101,3.098,3.099,3.094,3.087,3.081,3.072,3.051,3.049,3.058,3.047,3.016,2.988,2.979,2.966,2.943,2.918,2.903
TYNE_1,57.041,55.501,53.201,51.394,50.230,49.276,48.615,48.525,48.603,48.708,48.793,48.862,48.967,49.113,49.205,49.169,49.177,49.096,48.993,48.890,48.746,48.424,48.390,48.530,48.355,47.857,47.414,47.275,47.075,46.713,46.315,46.079
TYNE_2,24.843,24.172,23.171,22.383,21.877,21.461,21.173,21.134,21.168,21.214,21.250,21.281,21.326,21.390,21.430,21.415,21.418,21.383,21.338,21.293,21.230,21.090,21.075,21.136,21.060,20.843,20.650,20.589,20.502,20.345,20.172,20.068
UPPB_1,67.766,65.938,63.205,61.058,59.676,58.542,57.757,57.650,57.743,57.867,57.968,58.051,58.175,58.348,58.458,58.415,58.424,58.329,58.206,58.084,57.913,57.529,57.490,57.655,57.448,56.856,56.330,56.165,55.927,55.497,55.025,54.743
UPPB_3,21.306,20.731,19.872,19.197,18.762,18.406,18.159,18.125,18.155,18.194,18.225,18.251,18.290,18.345,18.380,18.366,18.369,18.339,18.300,18.262,18.208,18.088,18.075,18.127,18.062,17.876,17.710,17.659,17.584,17.449,17.300,17.212
USKM_1,105.672,102.820,98.559,95.211,93.055,91.287,90.063,89.896,90.041,90.236,90.392,90.521,90.715,90.985,91.156,91.090,91.104,90.955,90.763,90.573,90.306,89.708,89.647,89.905,89.581,88.659,87.838,87.580,87.209,86.539,85.803,85.364
WABO,12.014,11.689,11.205,10.824,10.579,10.378,10.239,10.220,10.237,10.259,10.277,10.291,10.313,10.344,10.363,10.356,10.357,10.341,10.319,10.297,10.267,10.199,10.192,10.221,10.184,10.080,9.986,9.957,9.915,9.839,9.755,9.705
WALH_1,181.283,176.390,169.081,163.337,159.639,156.606,154.506,154.220,154.468,154.802,155.070,155.292,155.624,156.087,156.381,156.267,156.291,156.035,155.707,155.381,154.923,153.897,153.791,154.234,153.679,152.096,150.689,150.247,149.610,148.460,147.197,146.445
WALP_1,207.783,202.175,193.798,187.214,182.975,179.498,177.092,176.764,177.048,177.431,177.738,177.992,178.373,178.904,179.241,179.111,179.138,178.845,178.469,178.094,177.570,176.394,176.273,176.780,176.144,174.330,172.717,172.210,171.480,170.162,168.714,167.852
WALP_B,44.789,43.580,41.775,40.355,39.442,38.692,38.173,38.103,38.164,38.247,38.313,38.368,38.450,38.564,38.637,38.609,38.614,38.551,38.470,38.389,38.277,38.023,37.997,38.106,37.969,37.578,37.230,37.121,36.964,36.680,36.368,36.182
WARL_1,85.529,83.221,79.772,77.062,75.317,73.886,72.896,72.760,72.878,73.035,73.162,73.266,73.423,73.642,73.780,73.727,73.738,73.617,73.462,73.308,73.092,72.608,72.558,72.767,72.505,71.759,71.095,70.886,70.586,70.043,69.447,69.092
WASF_1,35.382,34.427,33.001,31.880,31.158,30.566,30.156,30.100,30.148,30.214,30.266,30.309,30.374,30.465,30.522,30.500,30.504,30.454,30.390,30.327,30.237,30.037,30.016,30.103,29.995,29.686,29.411,29.325,29.200,28.976,28.729,28.583
WATFS_1,123.851,120.508,115.515,111.591,109.064,106.992,105.557,105.362,105.531,105.759,105.942,106.094,106.321,106.637,106.838,106.761,106.777,106.602,106.378,106.155,105.842,105.141,105.069,105.372,104.992,103.911,102.949,102.647,102.212,101.427,100.564,100.050
WBOL_6,99.839,97.145,93.119,89.956,87.919,86.248,85.092,84.934,85.071,85.255,85.403,85.525,85.708,85.963,86.125,86.062,86.075,85.934,85.754,85.574,85.322,84.757,84.699,84.942,84.637,83.765,82.990,82.746,82.396,81.762,81.067,80.653
WBUR_1,74.484,72.474,69.471,67.111,65.591,64.345,63.483,63.365,63.467,63.604,63.714,63.805,63.942,64.132,64.253,64.206,64.216,64.111,63.976,63.842,63.654,63.232,63.189,63.371,63.143,62.492,61.914,61.732,61.471,60.998,60.479,60.170
WFIE,13.652,13.284,12.733,12.301,12.022,11.794,11.636,11.614,11.633,11.658,11.678,11.695,11.720,11.755,11.777,11.768,11.770,11.751,11.726,11.702,11.667,11.590,11.582,11.615,11.573,11.454,11.348,11.315,11.267,11.180,11.085,11.029
WGEO,5.698,5.545,5.315,5.134,5.018,4.923,4.857,4.848,4.855,4.866,4.874,4.881,4.892,4.906,4.916,4.912,4.913,4.905,4.894,4.884,4.870,4.838,4.834,4.848,4.831,4.781,4.737,4.723,4.703,4.667,4.627,4.603
WHAM_1,189.806,184.684,177.031,94.059,91.930,90.183,88.974,88.809,88.951,89.144,89.299,89.426,89.618,89.884,90.054,89.988,90.001,89.855,89.665,89.477,89.214,88.623,88.562,88.817,88.497,87.586,86.776,86.521,86.154,85.492,84.765,84.332
WHGA_1,117.560,114.387,109.648,105.923,103.524,101.557,100.196,100.010,100.171,100.387,100.561,100.705,100.920,101.221,101.412,101.338,101.353,101.187,100.975,100.763,100.466,99.801,99.732,100.019,99.659,98.633,97.720,97.434,97.021,96.275,95.456,94.968
WHHO,21.828,21.239,20.359,19.667,19.222,18.856,18.604,18.569,18.599,18.639,18.672,18.698,18.738,18.794,18.829,18.816,18.819,18.788,18.748,18.709,18.654,18.530,18.518,18.571,18.504,18.314,18.144,18.091,18.014,17.876,17.724,17.633
WIBA_3,4.172,4.060,3.891,3.759,3.674,3.604,3.556,3.549,3.555,3.563,3.569,3.574,3.582,3.592,3.599,3.596,3.597,3.591,3.584,3.576,3.566,3.542,3.540,3.550,3.537,3.501,3.468,3.458,3.443,3.417,3.388,3.370
WIEN_1,51.127,49.747,47.686,46.066,45.023,44.167,43.575,43.495,43.564,43.659,43.734,43.797,43.890,44.021,44.104,44.072,44.079,44.007,43.914,43.822,43.693,43.404,43.374,43.499,43.342,42.896,42.499,42.374,42.194,41.870,41.514,41.302
WILL_1,208.180,202.561,194.168,187.571,183.324,179.841,177.430,177.101,177.386,177.770,178.078,178.332,178.714,179.246,179.584,179.453,179.480,179.186,178.809,178.434,177.909,176.731,176.609,177.118,176.480,174.663,173.046,172.539,171.808,170.487,169.037,168.173
WIMBN1,40.721,39.622,37.980,36.690,35.859,35.178,34.706,34.642,34.698,34.773,34.833,34.883,34.957,35.061,35.127,35.102,35.107,35.050,34.976,34.903,34.800,34.570,34.546,34.645,34.520,34.165,33.849,33.750,33.606,33.348,33.064,32.895
WIMBS1,179.160,174.324,167.101,161.424,157.769,154.771,152.696,152.413,152.658,152.989,153.253,153.473,153.801,154.259,154.550,154.437,154.460,154.208,153.883,153.561,153.109,152.095,151.990,152.428,151.879,150.315,148.924,148.487,147.858,146.721,145.473,144.729
WIOW_P,8.106,7.887,7.560,7.303,7.138,7.002,6.908,6.896,6.907,6.922,6.934,6.943,6.958,6.979,6.992,6.987,6.988,6.977,6.962,6.947,6.927,6.881,6.876,6.896,6.871,6.801,6.738,6.718,6.689,6.638,6.582,6.548
WISD_1,75.554,73.515,70.469,68.075,66.533,65.269,64.394,64.275,64.378,64.518,64.629,64.722,64.860,65.053,65.176,65.128,65.138,65.032,64.895,64.759,64.568,64.141,64.096,64.281,64.050,63.390,62.803,62.619,62.354,61.874,61.348,61.035
WISD_6,22.454,21.848,20.942,20.231,19.773,19.397,19.137,19.102,19.132,19.174,19.207,19.234,19.276,19.333,19.369,19.355,19.358,19.327,19.286,19.245,19.189,19.062,19.049,19.103,19.035,18.839,18.664,18.610,18.531,18.388,18.232,18.139
WISH,25.157,24.478,23.463,22.666,22.153,21.732,21.441,21.401,21.435,21.482,21.519,21.550,21.596,21.660,21.701,21.685,21.688,21.653,21.607,21.562,21.499,21.356,21.342,21.403,21.326,21.106,20.911,20.850,20.761,20.602,20.426,20.322
WMEL_1,178.664,173.842,166.639,160.978,157.333,154.344,152.274,151.992,152.236,152.566,152.830,153.048,153.376,153.832,154.122,154.010,154.033,153.782,153.458,153.136,152.685,151.674,151.570,152.006,151.459,149.899,148.512,148.077,147.449,146.316,145.071,144.329
WOHI_P,12.977,12.626,12.103,11.692,11.427,11.210,11.060,11.039,11.057,11.081,11.100,11.116,11.140,11.173,11.194,11.186,11.188,11.169,11.146,11.123,11.090,11.016,11.009,11.040,11.001,10.887,10.787,10.755,10.709,10.627,10.537,10.483
WTHU31,25.772,25.076,24.037,23.220,22.695,22.263,21.965,21.924,21.960,22.007,22.045,22.077,22.124,22.190,22.232,22.215,22.219,22.182,22.136,22.089,22.024,21.878,21.863,21.926,21.847,21.622,21.422,21.359,21.269,21.105,20.926,20.819
WWEY_1,148.312,144.309,138.329,133.630,130.604,128.123,126.405,126.171,126.374,126.647,126.866,127.048,127.319,127.698,127.939,127.846,127.865,127.656,127.388,127.120,126.746,125.907,125.820,126.183,125.728,124.434,123.282,122.920,122.399,121.459,120.425,119.810
WYLF_1,19.671,19.140,18.347,17.724,17.322,16.993,16.766,16.734,16.761,16.798,16.827,16.851,16.887,16.937,16.969,16.957,16.959,16.931,16.896,16.860,16.811,16.699,16.688,16.736,16.676,16.504,16.351,16.303,16.234,16.109,15.972,15.891
WYMOM_1,97.299,94.673,90.751,87.667,85.682,84.054,82.928,82.774,82.907,83.086,83.230,83.349,83.527,83.776,83.934,83.873,83.885,83.748,83.572,83.397,83.151,82.601,82.544,82.782,82.484,81.634,80.879,80.642,80.300,79.682,79.004,78.601
ABHA1;ABNE_P,103.919,101.114,96.924,93.631,91.511,89.772,88.569,88.405,88.547,88.738,88.892,89.020,89.209,89.475,89.644,89.579,89.592,89.446,89.257,89.071,88.808,88.220,88.159,88.414,88.095,87.188,86.381,86.128,85.763,85.103,84.379,83.948
